"DESCRIPTION","DURATION IN MS","NAME","PARENT SUITE","START TIME","STATUS","STOP TIME","SUB SUITE","SUITE","TEST CLASS","TEST METHOD"
"","341","Verify null user protection can be enabled successfully","UI Regression","2026-06-06","broken","2026-06-06","ui.configuration.security.endDevices.MessageIntegrityTest","Test","ui.configuration.security.endDevices.MessageIntegrityTest","enableNullUser"
"","519","Call Duration UI page load validation","UI Sanity","2026-06-06","passed","2026-06-06","sanity.configuration.security.monitors.spit.SpitPagesTest","Test","sanity.configuration.security.monitors.spit.SpitPagesTest","callDurationUiPageLoadValidation"
"","526","Verify validation errors are displayed for empty RTP Monitor fields","UI Regression","2026-06-06","passed","2026-06-06","ui.configuration.security.monitors.RTPMonitorTest","Test","ui.configuration.security.monitors.RTPMonitorTest","shouldShowValidationErrorsForEmptyField"
"","2484","ASR UI page load validation","UI Sanity","2026-06-06","passed","2026-06-06","sanity.configuration.groups.GroupPagesTest","Test","sanity.configuration.groups.GroupPagesTest","asrUiPageLoadValidation"
"","1676","Verify safelist number can be added successfully","UI Regression","2026-06-06","passed","2026-06-06","ui.configuration.security.safelist.SafelistNumbersTest","Test","ui.configuration.security.safelist.SafelistNumbersTest","addNumber"
"","612","Email Reports UI page load validation","UI Sanity","2026-06-06","passed","2026-06-06","sanity.report.ReportPagesTest","Test","sanity.report.ReportPagesTest","emailReportsUiPageLoadValidation"
"","3267","Verify Call Traffic rule can be edited successfully","UI Regression","2026-06-06","passed","2026-06-06","ui.configuration.security.CallTrafficTest","Test","ui.configuration.security.CallTrafficTest","editRule"
"","764","STIR SHAKEN UI page load validation","UI Sanity","2026-06-06","passed","2026-06-06","sanity.administration.certificates.generator.GeneratorCertificatePagesTest","Test","sanity.administration.certificates.generator.GeneratorCertificatePagesTest","stirShakenUiPageLoadValidation"
"","1147","Verify device integrity record deletion","UI Regression","2026-06-06","passed","2026-06-06","ui.configuration.security.endDevices.DeviceIntegrityTest","Test","ui.configuration.security.endDevices.DeviceIntegrityTest","deleteRecord"
"","625","Call Messages UI page load validation","UI Sanity","2026-06-06","passed","2026-06-06","sanity.visibility.messages.MessagePagesTest","Test","sanity.visibility.messages.MessagePagesTest","callMessagesUiPageLoadValidation"
"","1927","Verify cancelled allowed codec is not saved","UI Regression","2026-06-06","passed","2026-06-06","ui.configuration.security.codecs.AllowedCodecsTest","Test","ui.configuration.security.codecs.AllowedCodecsTest","cancelAddCodec"
"","765","Registrations History UI page load validation","UI Sanity","2026-06-06","passed","2026-06-06","sanity.visibility.registrations.RegistrationPagesTest","Test","sanity.visibility.registrations.RegistrationPagesTest","registrationsHistoryUiPageLoadValidation"
"","4533","Verify Risk Level persists after refresh","UI Regression","2026-06-06","broken","2026-06-06","ui.configuration.security.dno.DNONumbersTest","Test","ui.configuration.security.dno.DNONumbersTest","verifyRiskLevelPersistence"
"","7458","Call Activity UI page load validation","UI Sanity","2026-06-06","passed","2026-06-06","sanity.visibility.calls.CallPagesTest","Test","sanity.visibility.calls.CallPagesTest","callActivityUiPageLoadValidation"
"","2433","New Country Call UI page load validation","UI Sanity","2026-06-06","passed","2026-06-06","sanity.configuration.policies.PolicyPagesTest","Test","sanity.configuration.policies.PolicyPagesTest","newCountryCallUiPageLoadValidation"
"","1019","Verify Call Traffic rule creation can be cancelled successfully","UI Regression","2026-06-06","passed","2026-06-06","ui.configuration.security.CallTrafficTest","Test","ui.configuration.security.CallTrafficTest","cancelRule"
"","541","Upgrade UI page load validation","UI Sanity","2026-06-06","passed","2026-06-06","sanity.administration.AdministrationPagesTest","Test","sanity.administration.AdministrationPagesTest","upgradeUiPageLoadValidation"
"","719","Verify session limit persists after page refresh","UI Regression","2026-06-06","passed","2026-06-06","ui.configuration.security.monitors.spit.SimultaneousSessionAlertTest","Test","ui.configuration.security.monitors.spit.SimultaneousSessionAlertTest","shouldPersistSessionLimitAfterRefresh"
"","551","Country Calling History UI page load validation","UI Sanity","2026-06-06","passed","2026-06-06","sanity.visibility.tollfraud.TollFraudPagesTest","Test","sanity.visibility.tollfraud.TollFraudPagesTest","countryCallingHistoryUiPageLoadValidation"
"","431","Rural Call Completion UI page load validation","UI Sanity","2026-06-06","passed","2026-06-06","sanity.configuration.services.callCompletion.CallCompletionPagesTest","Test","sanity.configuration.services.callCompletion.CallCompletionPagesTest","ruralCallCompletionUiPageLoadValidation"
"","753","Verify safelist numbers can be uploaded using CSV file","UI Regression","2026-06-06","passed","2026-06-06","ui.configuration.security.safelist.SafelistNumbersTest","Test","ui.configuration.security.safelist.SafelistNumbersTest","uploadCSV"
"","816","Verify cancelling configuration restores previous Incomplete Calls values","UI Regression","2026-06-06","passed","2026-06-06","ui.configuration.security.monitors.IncompleteCallsTest","Test","ui.configuration.security.monitors.IncompleteCallsTest","shouldCancelConfiguration"
"","2638","Verify alternate safelist IP can be added successfully","UI Regression","2026-06-06","passed","2026-06-06","ui.configuration.security.safelist.SafelistIPTest","Test","ui.configuration.security.safelist.SafelistIPTest","addAltIP"
"","1277","Global Search UI page load validation","UI Sanity","2026-06-06","passed","2026-06-06","sanity.visibility.VisibilityPagesTest","Test","sanity.visibility.VisibilityPagesTest","globalSearchUiPageLoadValidation"
"","757","Baseline UI page load validation","UI Sanity","2026-06-06","passed","2026-06-06","sanity.configuration.tollfraud.baselinebased.BaselineBasedPagesTest","Test","sanity.configuration.tollfraud.baselinebased.BaselineBasedPagesTest","baselineUiPageLoadValidation"
"","11764","Verify fields enabled and disabled when Auto Learn is enabled","UI Regression","2026-06-06","broken","2026-06-06","ui.configuration.security.monitors.FlashCallTest","Test","ui.configuration.security.monitors.FlashCallTest","shouldVerifyAutoLearnEnabledFields"
"","73","Verify Wangiri Fraud monitoring can be enabled successfully","UI Regression","2026-06-06","passed","2026-06-06","ui.configuration.security.monitors.WangiriFraudTest","Test","ui.configuration.security.monitors.WangiriFraudTest","shouldEnableWangiriFraud"
"","2643","Verify device integrity rule can be edited successfully","UI Regression","2026-06-06","passed","2026-06-06","ui.configuration.security.endDevices.DeviceIntegrityTest","Test","ui.configuration.security.endDevices.DeviceIntegrityTest","editDeviceIntegrity"
"","2483","Verify duplicate blacklist codec validation message is displayed","UI Regression","2026-06-06","passed","2026-06-06","ui.configuration.security.codecs.BlackListedCodecsTest","Test","ui.configuration.security.codecs.BlackListedCodecsTest","duplicateBlackListedCodec"
"","625","AFI Rest Certificate UI page load validation","UI Sanity","2026-06-06","passed","2026-06-06","sanity.administration.certificates.CertificatePagesTest","Test","sanity.administration.certificates.CertificatePagesTest","afiRestCertificateUiPageLoadValidation"
"","2317","Default User Agent UI page load validation","UI Sanity","2026-06-06","passed","2026-06-06","sanity.configuration.security.enddevices.EndDevicePagesTest","Test","sanity.configuration.security.enddevices.EndDevicePagesTest","defaultUserAgentUiPageLoadValidation"
"","666","Verify static blacklist codec can be deleted successfully","UI Regression","2026-06-06","passed","2026-06-06","ui.configuration.security.codecs.BlackListedCodecsTest","Test","ui.configuration.security.codecs.BlackListedCodecsTest","deleteStaticPayloadCodec"
"","2575","Holiday Config UI page load validation","UI Sanity","2026-06-06","passed","2026-06-06","sanity.configuration.groups.GroupPagesTest","Test","sanity.configuration.groups.GroupPagesTest","holidayConfigUiPageLoadValidation"
"","633","Source IP Based Alerts UI page load validation","UI Sanity","2026-06-06","passed","2026-06-06","sanity.visibility.alerts.alertfilters.AlertFilterPagesTest","Test","sanity.visibility.alerts.alertfilters.AlertFilterPagesTest","sourceIPBasedAlertsUiPageLoadValidation"
"","172","Verify learned codecs table contains records","UI Regression","2026-06-06","failed","2026-06-06","ui.configuration.security.codecs.LearnedCodecsTest","Test","ui.configuration.security.codecs.LearnedCodecsTest","verifyTableRecords"
"","520","Verify safelist user agents CSV file can be exported successfully","UI Regression","2026-06-06","passed","2026-06-06","ui.configuration.security.safelist.SafelistUserAgentTest","Test","ui.configuration.security.safelist.SafelistUserAgentTest","exportCSVTest"
"","1784","Verify Wangiri Fraud call type and direction can be updated successfully","UI Regression","2026-06-06","passed","2026-06-06","ui.configuration.security.monitors.WangiriFraudTest","Test","ui.configuration.security.monitors.WangiriFraudTest","shouldUpdateCallTypeAndDirection"
"","2354","Banned IP Address UI page load validation","UI Sanity","2026-06-06","passed","2026-06-06","sanity.configuration.security.banned.BannedPagesTest","Test","sanity.configuration.security.banned.BannedPagesTest","bannedIPAddressUiPageLoadValidation"
"","564","SQL Injection UI page load validation","UI Sanity","2026-06-06","passed","2026-06-06","sanity.configuration.security.monitors.MonitorPagesTest","Test","sanity.configuration.security.monitors.MonitorPagesTest","sqlInjectionUiPageLoadValidation"
"","1950","Verify known blacklist codec can be added successfully","UI Regression","2026-06-06","passed","2026-06-06","ui.configuration.security.codecs.BlackListedCodecsTest","Test","ui.configuration.security.codecs.BlackListedCodecsTest","addKnownCodec"
"","435","UC Presence UI page load validation","UI Sanity","2026-06-06","passed","2026-06-06","sanity.configuration.services.ucservices.UCServicesPagesTest","Test","sanity.configuration.services.ucservices.UCServicesPagesTest","ucPresenceUiPageLoadValidation"
"","46973","Verify user can add a banned country successfully","UI Regression","2026-06-06","broken","2026-06-06","ui.configuration.security.banned.BannedCountriesTest","Test","ui.configuration.security.banned.BannedCountriesTest","addCountry"
"","429","RoboCalls Notification UI page load validation","UI Sanity","2026-06-06","passed","2026-06-06","sanity.configuration.security.SecurityPagesTest","Test","sanity.configuration.security.SecurityPagesTest","robocallsNotificationUiPageLoadValidation"
"","853","Country Financial Calling Pattern UI page load validation","UI Sanity","2026-06-06","passed","2026-06-06","sanity.visibility.tollfraud.baseline.callcost.CallCostPagesTest","Test","sanity.visibility.tollfraud.baseline.callcost.CallCostPagesTest","countryFinancialCallingPatternUiPageLoadValidation"
"","46784","Verify duplicate banned number validation message is displayed","UI Regression","2026-06-06","broken","2026-06-06","ui.configuration.security.banned.BannedNumbersTest","Test","ui.configuration.security.banned.BannedNumbersTest","addDuplicateNumber"
"","880","Verify International Destinations call direction can be updated successfully","UI Regression","2026-06-06","passed","2026-06-06","ui.configuration.security.monitors.InternationalDestinationsTest","Test","ui.configuration.security.monitors.InternationalDestinationsTest","shouldUpdateCallDirection"
"","711","Verify user can add multiple banned countries successfully","UI Regression","2026-06-06","broken","2026-06-06","ui.configuration.security.banned.BannedCountriesTest","Test","ui.configuration.security.banned.BannedCountriesTest","addMultipleCountries"
"","25400","Verify Assigned Numbers search functionality using table data","UI Regression","2026-06-06","passed","2026-06-06","ui.configuration.security.dno.AssignedNumbersTest","Test","ui.configuration.security.dno.AssignedNumbersTest","searchUsingExistingRecord"
"","908","Verify banned number can be deleted successfully","UI Regression","2026-06-06","passed","2026-06-06","ui.configuration.security.banned.BannedNumbersTest","Test","ui.configuration.security.banned.BannedNumbersTest","deleteNumber"
"","4483","Verify maximum valid UC Application Security values can be applied successfully","UI Regression","2026-06-06","passed","2026-06-06","ui.configuration.security.UCApplicationSecurityTest","Test","ui.configuration.security.UCApplicationSecurityTest","applyMaximumValues"
"","183","Verify multiple banned countries are displayed in the table","UI Regression","2026-06-06","failed","2026-06-06","ui.configuration.security.banned.BannedCountriesTest","Test","ui.configuration.security.banned.BannedCountriesTest","verifyMultipleCountryRule"
"","405","Traffic Capture UI page load validation","UI Sanity","2026-06-06","passed","2026-06-06","sanity.configuration.services.recording.RecordingPagesTest","Test","sanity.configuration.services.recording.RecordingPagesTest","trafficCaptureUiPageLoadValidation"
"","11547","Verify Enable checkbox can be updated","UI Regression","2026-06-06","passed","2026-06-06","ui.configuration.security.dno.DNONumbersTest","Test","ui.configuration.security.dno.DNONumbersTest","verifyEnableCheckbox"
"","5478","Verify all UC Application Security checkboxes can be deselected and applied","UI Regression","2026-06-06","passed","2026-06-06","ui.configuration.security.UCApplicationSecurityTest","Test","ui.configuration.security.UCApplicationSecurityTest","uncheckAllCheckboxesAndApply"
"","454","International Destinations UI page load validation","UI Sanity","2026-06-06","passed","2026-06-06","sanity.configuration.security.monitors.MonitorPagesTest","Test","sanity.configuration.security.monitors.MonitorPagesTest","internationalDestinationsUiPageLoadValidation"
"","322","Verify International Destinations configuration persists after refresh","UI Regression","2026-06-06","passed","2026-06-06","ui.configuration.security.monitors.InternationalDestinationsTest","Test","ui.configuration.security.monitors.InternationalDestinationsTest","shouldVerifyConfigurationPersistence"
"","1322","Verify cancelling malicious user agent creation does not save the entry","UI Regression","2026-06-06","passed","2026-06-06","ui.configuration.security.endDevices.MaliciousUserAgentTest","Test","ui.configuration.security.endDevices.MaliciousUserAgentTest","cancelAdd"
"","3489","Network Filters UI page load validation","UI Sanity","2026-06-06","passed","2026-06-06","sanity.configuration.system.filters.FilterPagesTest","Test","sanity.configuration.system.filters.FilterPagesTest","networkFiltersUiPageLoadValidation"
"","2319","SSH UI page load validation","UI Sanity","2026-06-06","passed","2026-06-06","sanity.configuration.access.management.ManagementPagesTest","Test","sanity.configuration.access.management.ManagementPagesTest","sshUiPageLoadValidation"
"","2400","GUI UI page load validation","UI Sanity","2026-06-06","passed","2026-06-06","sanity.configuration.access.management.ManagementPagesTest","Test","sanity.configuration.access.management.ManagementPagesTest","guiUiPageLoadValidation"
"","744","Password Policies UI page load validation","UI Sanity","2026-06-06","passed","2026-06-06","sanity.administration.usermanagement.UserManagementPagesTest","Test","sanity.administration.usermanagement.UserManagementPagesTest","passwordPoliciesUiPageLoadValidation"
"","518","Verify safelist numbers CSV file can be exported successfully","UI Regression","2026-06-06","passed","2026-06-06","ui.configuration.security.safelist.SafelistNumbersTest","Test","ui.configuration.security.safelist.SafelistNumbersTest","exportCSVTest"
"","1047","Verify user can enable and update DERegister Rate Monitor configuration","UI Regression","2026-06-06","passed","2026-06-06","ui.configuration.security.monitors.dos.DERegisterRateTest","Test","ui.configuration.security.monitors.dos.DERegisterRateTest","shouldUpdateDERegisterConfiguration"
"","5061","Active Users Login UI page load validation","UI Sanity","2026-06-06","passed","2026-06-06","sanity.administration.usermanagement.UserManagementPagesTest","Test","sanity.administration.usermanagement.UserManagementPagesTest","activeUsersLoginUiPageLoadValidation"
"","931","Verify user can configure Incomplete Calls monitoring successfully","UI Regression","2026-06-06","passed","2026-06-06","ui.configuration.security.monitors.IncompleteCallsTest","Test","ui.configuration.security.monitors.IncompleteCallsTest","shouldConfigureIncompleteCalls"
"","55","Verify SQL Injection monitoring can be enabled successfully","UI Regression","2026-06-06","passed","2026-06-06","ui.configuration.security.monitors.SQLInjectionTest","Test","ui.configuration.security.monitors.SQLInjectionTest","shouldEnableSQLInjectionMonitor"
"","2659","Country Groups UI page load validation","UI Sanity","2026-06-06","passed","2026-06-06","sanity.configuration.groups.GroupPagesTest","Test","sanity.configuration.groups.GroupPagesTest","countryUiPageLoadValidation"
"","41","Verify edited Error Rate rule is displayed correctly","UI Regression","2026-06-06","passed","2026-06-06","ui.configuration.security.ErrorRateTest","Test","ui.configuration.security.ErrorRateTest","verifyEditedRule"
"","158","Verify Flash Call configuration can be enabled successfully","UI Regression","2026-06-06","passed","2026-06-06","ui.configuration.security.monitors.FlashCallTest","Test","ui.configuration.security.monitors.FlashCallTest","shouldEnableFlashCall"
"","2078","Vishing UI page load validation","UI Sanity","2026-06-06","passed","2026-06-06","sanity.configuration.groups.GroupPagesTest","Test","sanity.configuration.groups.GroupPagesTest","vishingUiPageLoadValidation"
"","203","Verify banned numbers can be uploaded using CSV file","UI Regression","2026-06-06","broken","2026-06-06","ui.configuration.security.banned.BannedNumbersTest","Test","ui.configuration.security.banned.BannedNumbersTest","uploadCSV"
"","631","Verify default user agent can be deleted successfully","UI Regression","2026-06-06","passed","2026-06-06","ui.configuration.security.endDevices.DefaultUserAgentTest","Test","ui.configuration.security.endDevices.DefaultUserAgentTest","deleteUserAgent"
"","11940","AFI(Advanced Fraud Interdicition) UI page load validation","UI Sanity","2026-06-06","passed","2026-06-06","sanity.configuration.services.ServicesPagesTest","Test","sanity.configuration.services.ServicesPagesTest","afiUiPageLoadValidation"
"","662","Verify validation errors are displayed for empty Incomplete Calls fields","UI Regression","2026-06-06","passed","2026-06-06","ui.configuration.security.monitors.IncompleteCallsTest","Test","ui.configuration.security.monitors.IncompleteCallsTest","shouldShowValidationErrorsForEmptyFields"
"","537","Log Management UI page load validation","UI Sanity","2026-06-06","passed","2026-06-06","sanity.configuration.system.logs.LogPagesTest","Test","sanity.configuration.system.logs.LogPagesTest","logManagementUiPageLoadValidation"
"","1825","Verify cancelled banned number is not saved","UI Regression","2026-06-06","passed","2026-06-06","ui.configuration.security.banned.BannedNumbersTest","Test","ui.configuration.security.banned.BannedNumbersTest","cancelAdd"
"","21","Verify that the RoboCalls configuration page loads successfully after login","UI Regression","2026-06-06","passed","2026-06-06","ui.configuration.security.botnet.RoboCallsTest","Test","ui.configuration.security.botnet.RoboCallsTest","verifyRoboCallsPageLoaded"
"","3060","Error Groups Code UI page load validation","UI Sanity","2026-06-06","passed","2026-06-06","sanity.configuration.groups.GroupPagesTest","Test","sanity.configuration.groups.GroupPagesTest","errorCodeUiPageLoadValidation"
"","1995","Q850 Clear Code UI page load validation","UI Sanity","2026-06-06","passed","2026-06-06","sanity.configuration.groups.GroupPagesTest","Test","sanity.configuration.groups.GroupPagesTest","q850ClearCodeUiPageLoadValidation"
"","981","Verify user can enable Un Subscribe Monitor, configure threshold values, and apply the configuration successfully","UI Regression","2026-06-06","passed","2026-06-06","ui.configuration.security.monitors.dos.UnSubscribeRateTest","Test","ui.configuration.security.monitors.dos.UnSubscribeRateTest","shouldUpdateUnSubscribeRateConfiguration"
"","80","Verify edited safelist number is displayed correctly","UI Regression","2026-06-06","passed","2026-06-06","ui.configuration.security.safelist.SafelistNumbersTest","Test","ui.configuration.security.safelist.SafelistNumbersTest","verifyEditedNumber"
"","5216","Verify UC Application Security text field changes are discarded on cancel","UI Regression","2026-06-06","passed","2026-06-06","ui.configuration.security.UCApplicationSecurityTest","Test","ui.configuration.security.UCApplicationSecurityTest","cancelTextFieldChanges"
"","2167","Verify duplicate banned country validation message is displayed","UI Regression","2026-06-06","failed","2026-06-06","ui.configuration.security.banned.BannedCountriesTest","Test","ui.configuration.security.banned.BannedCountriesTest","addDuplicateCountry"
"","154","Verify Allowed Codecs can be enabled successfully","UI Regression","2026-06-06","passed","2026-06-06","ui.configuration.security.codecs.AllowedCodecsTest","Test","ui.configuration.security.codecs.AllowedCodecsTest","enableAllowedCodecs"
"","10724","Verify rule deletion from TDoS table","UI Regression","2026-06-06","passed","2026-06-06","ui.configuration.security.monitors.dos.TDosTest","Test","ui.configuration.security.monitors.dos.TDosTest","shouldDeleteRule"
"","1468","Verify user can enable Flood Monitor, configure threshold values, and apply the configuration successfully","UI Regression","2026-06-06","passed","2026-06-06","ui.configuration.security.monitors.dos.FloodMonitorTest","Test","ui.configuration.security.monitors.dos.FloodMonitorTest","shouldUpdateFloodMonitorConfiguration"
"","42","Verify International Destinations monitoring can be enabled successfully","UI Regression","2026-06-06","passed","2026-06-06","ui.configuration.security.monitors.InternationalDestinationsTest","Test","ui.configuration.security.monitors.InternationalDestinationsTest","shouldEnableInternationalDestinations"
"","2335","Verify safelist IP can be added successfully","UI Regression","2026-06-06","passed","2026-06-06","ui.configuration.security.safelist.SafelistIPTest","Test","ui.configuration.security.safelist.SafelistIPTest","addIP"
"","1670","Verify cancelled banned country is not saved","UI Regression","2026-06-06","passed","2026-06-06","ui.configuration.security.banned.BannedCountriesTest","Test","ui.configuration.security.banned.BannedCountriesTest","cancelAdd"
"","1030","Non Rural Calls UI page load validation","UI Sanity","2026-06-06","passed","2026-06-06","sanity.visibility.statistics.callcompletion.CallCompletionPagesTest","Test","sanity.visibility.statistics.callcompletion.CallCompletionPagesTest","nonRuralCallsUiPageLoadValidation"
"","836","Verify validation message is displayed for empty safelist IP fields","UI Regression","2026-06-06","passed","2026-06-06","ui.configuration.security.safelist.SafelistIPTest","Test","ui.configuration.security.safelist.SafelistIPTest","emptyValidation"
"","940","Verify safelist IPs can be uploaded using CSV file","UI Regression","2026-06-06","passed","2026-06-06","ui.configuration.security.safelist.SafelistIPTest","Test","ui.configuration.security.safelist.SafelistIPTest","uploadCSV"
"","2145","Authentication Policy UI page load validation","UI Sanity","2026-06-06","passed","2026-06-06","sanity.configuration.groups.GroupPagesTest","Test","sanity.configuration.groups.GroupPagesTest","authenticationPolicyUiPageLoadValidation"
"","1072","UC Application Security UI page load validation","UI Sanity","2026-06-06","passed","2026-06-06","sanity.configuration.security.SecurityPagesTest","Test","sanity.configuration.security.SecurityPagesTest","ucApplicationSecurityUiPageLoadValidation"
"","397","GUI Session Timeout UI page load validation","UI Sanity","2026-06-06","passed","2026-06-06","sanity.configuration.access.management.ManagementPagesTest","Test","sanity.configuration.access.management.ManagementPagesTest","guiSessionTimeoutUiPageLoadValidation"
"","493","Interoperability UI page load validation","UI Sanity","2026-06-06","passed","2026-06-06","sanity.configuration.basicsetup.BasicSetupPagesTest","Test","sanity.configuration.basicsetup.BasicSetupPagesTest","interoperabilityUiPageLoadValidation"
"","949","Simultaneous Session UI page load validation","UI Sanity","2026-06-06","passed","2026-06-06","sanity.configuration.security.monitors.spit.SpitPagesTest","Test","sanity.configuration.security.monitors.spit.SpitPagesTest","simultaneousSessionUiPageLoadValidation"
"","8427","Verify that a new RoboCall entry can be added and is visible in the table","UI Regression","2026-06-06","passed","2026-06-06","ui.configuration.security.botnet.RoboCallsTest","Test","ui.configuration.security.botnet.RoboCallsTest","addRoboCall"
"","2809","Per IP Address Variance UI page load validation","UI Sanity","2026-06-06","passed","2026-06-06","sanity.configuration.tollfraud.baselinebased.variance.VariancePagesTest","Test","sanity.configuration.tollfraud.baselinebased.variance.VariancePagesTest","perIPAddressVarianceUiPageLoadValidation"
"","6733","Verify all UC Application Security checkboxes can be selected and applied","UI Regression","2026-06-06","passed","2026-06-06","ui.configuration.security.UCApplicationSecurityTest","Test","ui.configuration.security.UCApplicationSecurityTest","checkAllCheckboxesAndApply"
"","880","Verify Registration Fraud configuration can be updated successfully","UI Regression","2026-06-06","passed","2026-06-06","ui.configuration.security.monitors.RegistrationFraudTest","Test","ui.configuration.security.monitors.RegistrationFraudTest","shouldConfigureRegistrationFraud"
"","735","Verify invalid Wangiri Fraud values are rejected","UI Regression","2026-06-06","passed","2026-06-06","ui.configuration.security.monitors.WangiriFraudTest","Test","ui.configuration.security.monitors.WangiriFraudTest","shouldRejectInvalidValues"
"","1177","Verify invalid War Dialing values are rejected","UI Regression","2026-06-06","passed","2026-06-06","ui.configuration.security.monitors.WarDialingTest","Test","ui.configuration.security.monitors.WarDialingTest","shouldRejectInvalidValues"
"","15606","Verify dynamic blacklist codec can be deleted successfully","UI Regression","2026-06-06","broken","2026-06-06","ui.configuration.security.codecs.BlackListedCodecsTest","Test","ui.configuration.security.codecs.BlackListedCodecsTest","deleteDynamicPayloadCodec"
"","649","Verify validation errors are displayed when fields are empty","UI Regression","2026-06-06","passed","2026-06-06","ui.configuration.security.monitors.spit.ErrorResponseAlertTest","Test","ui.configuration.security.monitors.spit.ErrorResponseAlertTest","shouldShowValidationErrorsForEmptyFields"
"","607","Country Calling Pattern UI page load validation","UI Sanity","2026-06-06","passed","2026-06-06","sanity.visibility.tollfraud.baseline.callvolume.CallVolumePagesTest","Test","sanity.visibility.tollfraud.baseline.callvolume.CallVolumePagesTest","countryCallingPatternUiPageLoadValidation"
"","888","Option Rate UI page load validation","UI Sanity","2026-06-06","passed","2026-06-06","sanity.configuration.security.monitors.dos.DosPagesTest","Test","sanity.configuration.security.monitors.dos.DosPagesTest","optionRateUiPageLoadValidation"
"","42","Verify RTP Monitor can be enabled successfully","UI Regression","2026-06-06","passed","2026-06-06","ui.configuration.security.monitors.RTPMonitorTest","Test","ui.configuration.security.monitors.RTPMonitorTest","shouldEnableRTPMonitor"
"","71","Verify PAssert Rate Monitoring graph is displayed on the dashboard","UI Regression","2026-06-06","passed","2026-06-06","ui.configuration.security.monitors.dos.PAssertRateMonitorTest","Test","ui.configuration.security.monitors.dos.PAssertRateMonitorTest","shouldDisplayMonitoringGraph"
"","1398","Verify cancelled safelist user agent is not added","UI Regression","2026-06-06","passed","2026-06-06","ui.configuration.security.safelist.SafelistUserAgentTest","Test","ui.configuration.security.safelist.SafelistUserAgentTest","cancelAddUserAgent"
"","579","Reports UI page load validation","UI Sanity","2026-06-06","passed","2026-06-06","sanity.report.ReportPagesTest","Test","sanity.report.ReportPagesTest","reportsUiPageLoadValidation"
"","129","Verify War Dialing monitoring can be enabled successfully","UI Regression","2026-06-06","passed","2026-06-06","ui.configuration.security.monitors.WarDialingTest","Test","ui.configuration.security.monitors.WarDialingTest","shouldEnableWarDialing"
"","788","Destination Country Based Alerts UI page load validation","UI Sanity","2026-06-06","passed","2026-06-06","sanity.visibility.alerts.alertfilters.AlertFilterPagesTest","Test","sanity.visibility.alerts.alertfilters.AlertFilterPagesTest","destinationCountryBasedAlertsUiPageLoadValidation"
"","528","Verify validation errors are displayed for empty Wangiri Fraud fields","UI Regression","2026-06-06","passed","2026-06-06","ui.configuration.security.monitors.WangiriFraudTest","Test","ui.configuration.security.monitors.WangiriFraudTest","shouldShowValidationErrorsForEmptyFields"
"","590","Vishing History UI page load validation","UI Sanity","2026-06-06","passed","2026-06-06","sanity.visibility.history.HistoryPagesTest","Test","sanity.visibility.history.HistoryPagesTest","vishingHistoryUiPageLoadValidation"
"","668","Verify validation errors are displayed for empty International Destinations fields","UI Regression","2026-06-06","passed","2026-06-06","ui.configuration.security.monitors.InternationalDestinationsTest","Test","ui.configuration.security.monitors.InternationalDestinationsTest","shouldShowValidationErrors"
"","172","Verify login failure message with incorrect password","UI Regression","2026-06-06","broken","2026-06-06","ui.login.CTMLoginTest","Test","ui.login.CTMLoginTest","verifyInvalidPassword"
"","1423","Verify validation messages are displayed for empty Call Traffic fields","UI Regression","2026-06-06","passed","2026-06-06","ui.configuration.security.CallTrafficTest","Test","ui.configuration.security.CallTrafficTest","validateEmptyFields"
"","463","Traffic Capture UI page load validation","UI Sanity","2026-06-06","passed","2026-06-06","sanity.visibility.recording.RecordingPagesTest","Test","sanity.visibility.recording.RecordingPagesTest","trafficCaptureUiPageLoadValidation"
"","1000","Verify tracking type can be updated successfully","UI Regression","2026-06-06","passed","2026-06-06","ui.configuration.security.monitors.IncompleteCallsTest","Test","ui.configuration.security.monitors.IncompleteCallsTest","shouldUpdateTrackingType"
"","1795","Verify safelist user agent can be added successfully","UI Regression","2026-06-06","passed","2026-06-06","ui.configuration.security.safelist.SafelistUserAgentTest","Test","ui.configuration.security.safelist.SafelistUserAgentTest","addUserAgent"
"","2846","UC Application ACL UI page load validation","UI Sanity","2026-06-06","passed","2026-06-06","sanity.configuration.security.acl.ACLPagesTest","Test","sanity.configuration.security.acl.ACLPagesTest","ucApplicationACLUiPageLoadValidation"
"","2541","Safelist Numbers UI page load validation","UI Sanity","2026-06-06","passed","2026-06-06","sanity.configuration.security.safelist.SafelistPagesTest","Test","sanity.configuration.security.safelist.SafelistPagesTest","safelistNumbersUiPageLoadValidation"
"","688","Verify safelist user agent can be deleted successfully","UI Regression","2026-06-06","passed","2026-06-06","ui.configuration.security.safelist.SafelistUserAgentTest","Test","ui.configuration.security.safelist.SafelistUserAgentTest","deleteUserAgent"
"","3070","UC Conference UI page load validation","UI Sanity","2026-06-06","passed","2026-06-06","sanity.configuration.services.ucservices.UCServicesPagesTest","Test","sanity.configuration.services.ucservices.UCServicesPagesTest","ucConferenceUiPageLoadValidation"
"","3736","Jira API UI page load validation","UI Sanity","2026-06-06","passed","2026-06-06","sanity.configuration.access.api.AccessApiPagesTest","Test","sanity.configuration.access.api.AccessApiPagesTest","jiraAPIUiPageLoadValidation"
"","2541","Email Config UI page load validation","UI Sanity","2026-06-06","passed","2026-06-06","sanity.configuration.system.SystemPagesTest","Test","sanity.configuration.system.SystemPagesTest","emailConfigUiPageLoadValidation"
"","431","Verify codecs per page value can be selected","UI Regression","2026-06-06","passed","2026-06-06","ui.configuration.security.codecs.LearnedCodecsTest","Test","ui.configuration.security.codecs.LearnedCodecsTest","selectCodecsPerPage"
"","2351","Static Route UI page load validation","UI Sanity","2026-06-06","passed","2026-06-06","sanity.configuration.system.routes.RoutePagesTest","Test","sanity.configuration.system.routes.RoutePagesTest","staticRouteUiPageLoadValidation"
"","482","RTP Monitor UI page load validation","UI Sanity","2026-06-06","passed","2026-06-06","sanity.configuration.security.monitors.MonitorPagesTest","Test","sanity.configuration.security.monitors.MonitorPagesTest","rtpMonitorUiPageLoadValidation"
"","2662","Specific Day Thresholds UI page load validation","UI Sanity","2026-06-06","passed","2026-06-06","sanity.configuration.tollfraud.baselinebased.BaselineBasedPagesTest","Test","sanity.configuration.tollfraud.baselinebased.BaselineBasedPagesTest","specificDayThresholdsUiPageLoadValidation"
"","1294","CRL Request UI page load validation","UI Sanity","2026-06-06","passed","2026-06-06","sanity.administration.certificates.generator.GeneratorCertificatePagesTest","Test","sanity.administration.certificates.generator.GeneratorCertificatePagesTest","crlRequestUiPageLoadValidation"
"","929","Verify allowed codec can be deleted successfully","UI Regression","2026-06-06","passed","2026-06-06","ui.configuration.security.codecs.AllowedCodecsTest","Test","ui.configuration.security.codecs.AllowedCodecsTest","deleteStaticPayloadCodec"
"","4705","Verify successful logout from the application","UI Regression","2026-06-06","failed","2026-06-06","ui.login.CTMLoginTest","Test","ui.login.CTMLoginTest","verifyLogout"
"","1256","Verify International Destinations configuration can be updated successfully","UI Regression","2026-06-06","passed","2026-06-06","ui.configuration.security.monitors.InternationalDestinationsTest","Test","ui.configuration.security.monitors.InternationalDestinationsTest","shouldConfigureInternationalDestinations"
"","5713","Signature Alerts Severity UI page load validation","UI Sanity","2026-06-06","passed","2026-06-06","sanity.configuration.basicsetup.alertSeverity.AlertSeverityPagesTest","Test","sanity.configuration.basicsetup.alertSeverity.AlertSeverityPagesTest","signatureAlertsSeverityUiPageLoadValidation"
"","1281","Safelist User Agent UI page load validation","UI Sanity","2026-06-06","passed","2026-06-06","sanity.configuration.security.safelist.SafelistPagesTest","Test","sanity.configuration.security.safelist.SafelistPagesTest","safelistUserAgentUiPageLoadValidation"
"","492","VLAN UI page load validation","UI Sanity","2026-06-06","passed","2026-06-06","sanity.visibility.statistics.networkgroup.NetworkGroupPagesTest","Test","sanity.visibility.statistics.networkgroup.NetworkGroupPagesTest","vlanUiPageLoadValidation"
"","594","Incomplete Calls UI page load validation","UI Sanity","2026-06-06","passed","2026-06-06","sanity.configuration.security.monitors.MonitorPagesTest","Test","sanity.configuration.security.monitors.MonitorPagesTest","incompleteCallsUiPageLoadValidation"
"","469","Dynamic License UI page load validation","UI Sanity","2026-06-06","passed","2026-06-06","sanity.administration.license.LicensePagesTest","Test","sanity.administration.license.LicensePagesTest","dynamicLicenseUiPageLoadValidation"
"","568","Verify safelist IP CSV file can be exported successfully","UI Regression","2026-06-06","passed","2026-06-06","ui.configuration.security.safelist.SafelistIPTest","Test","ui.configuration.security.safelist.SafelistIPTest","exportCSVTest"
"","2798","Network Services UI page load validation","UI Sanity","2026-06-06","passed","2026-06-06","sanity.configuration.groups.GroupPagesTest","Test","sanity.configuration.groups.GroupPagesTest","networkServicesUiPageLoadValidation"
"","2482","Ignored Registrations UI page load validation","UI Sanity","2026-06-06","passed","2026-06-06","sanity.administration.ignored.IgnoredPagesTest","Test","sanity.administration.ignored.IgnoredPagesTest","ignoredRegistrationsUiPageLoadValidation"
"","1047","Verify validation message is displayed when user agent name is empty","UI Regression","2026-06-06","passed","2026-06-06","ui.configuration.security.endDevices.DefaultUserAgentTest","Test","ui.configuration.security.endDevices.DefaultUserAgentTest","addEmptyValidation"
"","62","Verify added Error Rate rule is displayed correctly","UI Regression","2026-06-06","passed","2026-06-06","ui.configuration.security.ErrorRateTest","Test","ui.configuration.security.ErrorRateTest","verifyRule"
"","533","Error Response UI page load validation","UI Sanity","2026-06-06","passed","2026-06-06","sanity.configuration.security.monitors.spit.SpitPagesTest","Test","sanity.configuration.security.monitors.spit.SpitPagesTest","errorResponseUiPageLoadValidation"
"","545","Root Certificate UI page load validation","UI Sanity","2026-06-06","passed","2026-06-06","sanity.administration.certificates.tls.TLSCertificatePagesTest","Test","sanity.administration.certificates.tls.TLSCertificatePagesTest","rootCertificateUiPageLoadValidation"
"","712","Verify validation errors are displayed for invalid DERegister values","UI Regression","2026-06-06","passed","2026-06-06","ui.configuration.security.monitors.dos.DERegisterRateTest","Test","ui.configuration.security.monitors.dos.DERegisterRateTest","shouldShowErrorsForInvalidDERegisterFields"
"","3472","Rejected Password UI page load validation","UI Sanity","2026-06-06","passed","2026-06-06","sanity.administration.usermanagement.UserManagementPagesTest","Test","sanity.administration.usermanagement.UserManagementPagesTest","rejectedPasswordUiPageLoadValidation"
"","713","Verify export CSV","UI Regression","2026-06-06","passed","2026-06-06","ui.configuration.security.endDevices.DeviceIntegrityTest","Test","ui.configuration.security.endDevices.DeviceIntegrityTest","exportCSVTest"
"","1153","Verify War Dialing configuration can be updated successfully","UI Regression","2026-06-06","passed","2026-06-06","ui.configuration.security.monitors.WarDialingTest","Test","ui.configuration.security.monitors.WarDialingTest","shouldConfigureWarDialing"
"","3499","Verify Error Rate rule can be added successfully","UI Regression","2026-06-06","passed","2026-06-06","ui.configuration.security.ErrorRateTest","Test","ui.configuration.security.ErrorRateTest","addRule"
"","70933","STIR SHAKEN Dashboard UI page load validation","UI Sanity","2026-06-06","passed","2026-06-06","sanity.dashboard.DashboardPagesTest","Test","sanity.dashboard.DashboardPagesTest","stirShakenDashboardUiPageLoadValidation"
"","555","Verify banned countries report can be exported successfully","UI Regression","2026-06-06","passed","2026-06-06","ui.configuration.security.banned.BannedCountriesTest","Test","ui.configuration.security.banned.BannedCountriesTest","exportCSVTest"
"","899","Blocked Calls UI page load validation","UI Sanity","2026-06-06","passed","2026-06-06","sanity.dashboard.DashboardPagesTest","Test","sanity.dashboard.DashboardPagesTest","blockedCallsUiPageLoadValidation"
"","467","Global Threats UI page load validation","UI Sanity","2026-06-06","passed","2026-06-06","sanity.configuration.access.externalservices.ExternalServicesPagesTest","Test","sanity.configuration.access.externalservices.ExternalServicesPagesTest","globalThreatsUiPageLoadValidation"
"","1285","Verify safelist number can be deleted successfully","UI Regression","2026-06-06","passed","2026-06-06","ui.configuration.security.safelist.SafelistNumbersTest","Test","ui.configuration.security.safelist.SafelistNumbersTest","deleteNumber"
"","1008","Verify Learned Codecs refresh keeps table available","UI Regression","2026-06-06","passed","2026-06-06","ui.configuration.security.codecs.LearnedCodecsTest","Test","ui.configuration.security.codecs.LearnedCodecsTest","refreshLearnedCodecs"
"","3660","Call Cost Manual Upload UI page load validation","UI Sanity","2026-06-06","passed","2026-06-06","sanity.configuration.services.callcostrating.CallCostRatingPagesTest","Test","sanity.configuration.services.callcostrating.CallCostRatingPagesTest","callCostManualUploadUiPageLoadValidation"
"","45910","Geolocation UI page load validation","UI Sanity","2026-06-06","passed","2026-06-06","sanity.configuration.access.externalservices.ExternalServicesPagesTest","Test","sanity.configuration.access.externalservices.ExternalServicesPagesTest","geolocationUiPageLoadValidation"
"","1618","Verify user can add a default user agent successfully","UI Regression","2026-06-06","passed","2026-06-06","ui.configuration.security.endDevices.DefaultUserAgentTest","Test","ui.configuration.security.endDevices.DefaultUserAgentTest","addUserAgent"
"","1829","Source Based Route UI page load validation","UI Sanity","2026-06-06","passed","2026-06-06","sanity.configuration.system.routes.RoutePagesTest","Test","sanity.configuration.system.routes.RoutePagesTest","sourceBasedRouteUiPageLoadValidation"
"","307","Verify Error Rate monitoring can be enabled successfully","UI Regression","2026-06-06","passed","2026-06-06","ui.configuration.security.ErrorRateTest","Test","ui.configuration.security.ErrorRateTest","enableToggle"
"","541","Session License Usage UI page load validation","UI Sanity","2026-06-06","passed","2026-06-06","sanity.administration.license.LicensePagesTest","Test","sanity.administration.license.LicensePagesTest","sessionLicenseUsageUiPageLoadValidation"
"","692","Black List History UI page load validation","UI Sanity","2026-06-06","passed","2026-06-06","sanity.visibility.blacklist.BlackListPagesTest","Test","sanity.visibility.blacklist.BlackListPagesTest","blackListHistoryUiPageLoadValidation"
"","2549","Malicious Media Session UI page load validation","UI Sanity","2026-06-06","passed","2026-06-06","sanity.configuration.basicsetup.BasicSetupPagesTest","Test","sanity.configuration.basicsetup.BasicSetupPagesTest","maliciousMediaSessionUiPageLoadValidation"
"","427","Ignored Calls UI page load validation","UI Sanity","2026-06-06","passed","2026-06-06","sanity.administration.ignored.IgnoredPagesTest","Test","sanity.administration.ignored.IgnoredPagesTest","ignoredCallsUiPageLoadValidation"
"","37","Verify War Dialing monitoring graph or table is displayed","UI Regression","2026-06-06","passed","2026-06-06","ui.configuration.security.monitors.WarDialingTest","Test","ui.configuration.security.monitors.WarDialingTest","shouldVerifyGraphTableAppears"
"","475","Vishing Stats UI page load validation","UI Sanity","2026-06-06","passed","2026-06-06","sanity.visibility.statistics.StatisticsPagesTest","Test","sanity.visibility.statistics.StatisticsPagesTest","vishingStatsUiPageLoadValidation"
"","1103","Verify banned countries can be uploaded using CSV file","UI Regression","2026-06-06","failed","2026-06-06","ui.configuration.security.banned.BannedCountriesTest","Test","ui.configuration.security.banned.BannedCountriesTest","uploadCSV"
"","786","Ignored Alerts Violation UI page load validation","UI Sanity","2026-06-06","passed","2026-06-06","sanity.administration.ignored.IgnoredPagesTest","Test","sanity.administration.ignored.IgnoredPagesTest","ignoredAlertsViolationUiPageLoadValidation"
"","2260","Verify static payload codec can be added successfully","UI Regression","2026-06-06","passed","2026-06-06","ui.configuration.security.codecs.AllowedCodecsTest","Test","ui.configuration.security.codecs.AllowedCodecsTest","addStaticPayloadCodec"
"","1321","Verify Flash Call configuration with Auto Learn persists after refresh","UI Regression","2026-06-06","passed","2026-06-06","ui.configuration.security.monitors.FlashCallTest","Test","ui.configuration.security.monitors.FlashCallTest","shouldConfigureFlashCallWithAutoLearn"
"","1119","Verify cancelling International Destinations configuration restores previous values","UI Regression","2026-06-06","passed","2026-06-06","ui.configuration.security.monitors.InternationalDestinationsTest","Test","ui.configuration.security.monitors.InternationalDestinationsTest","shouldCancelConfiguration"
"","2586","Network Groups UI page load validation","UI Sanity","2026-06-06","passed","2026-06-06","sanity.configuration.groups.GroupPagesTest","Test","sanity.configuration.groups.GroupPagesTest","networkUiPageLoadValidation"
"","807","Verify SQL Injection pattern can be updated successfully","UI Regression","2026-06-06","passed","2026-06-06","ui.configuration.security.monitors.SQLInjectionTest","Test","ui.configuration.security.monitors.SQLInjectionTest","shouldUpdateSQLPattern"
"","723","Rural Calls UI page load validation","UI Sanity","2026-06-06","passed","2026-06-06","sanity.visibility.statistics.callcompletion.CallCompletionPagesTest","Test","sanity.visibility.statistics.callcompletion.CallCompletionPagesTest","ruralCallsUiPageLoadValidation"
"","285","Verify Risk Level can be changed","UI Regression","2026-06-06","passed","2026-06-06","ui.configuration.security.dno.DNONumbersTest","Test","ui.configuration.security.dno.DNONumbersTest","verifyRiskLevelChange"
"","977","Fraud Activity UI page load validation","UI Sanity","2026-06-06","passed","2026-06-06","sanity.dashboard.DashboardPagesTest","Test","sanity.dashboard.DashboardPagesTest","fraudActivityUiPageLoadValidation"
"","852","Signature Update UI page load validation","UI Sanity","2026-06-06","passed","2026-06-06","sanity.administration.maintenance.MaintenancePagesTest","Test","sanity.administration.maintenance.MaintenancePagesTest","signatureUpdateUiPageLoadValidation"
"","105","Verify added safelist IP addresses are displayed in table","UI Regression","2026-06-06","passed","2026-06-06","ui.configuration.security.safelist.SafelistIPTest","Test","ui.configuration.security.safelist.SafelistIPTest","verifyIP"
"","4792","Verify that a RoboCall entry added via CSV upload can be deleted successfully","UI Regression","2026-06-06","broken","2026-06-06","ui.configuration.security.botnet.RoboCallsTest","Test","ui.configuration.security.botnet.RoboCallsTest","deleteUploadedRoboCall"
"","516","Tunnel Group UI page load validation","UI Sanity","2026-06-06","passed","2026-06-06","sanity.visibility.statistics.networkgroup.NetworkGroupPagesTest","Test","sanity.visibility.statistics.networkgroup.NetworkGroupPagesTest","tunnelGroupUiPageLoadValidation"
"","92","Verify Option Rate Monitoring graph is displayed on the dashboard","UI Regression","2026-06-06","passed","2026-06-06","ui.configuration.security.monitors.dos.OptionRateMonitorTest","Test","ui.configuration.security.monitors.dos.OptionRateMonitorTest","shouldDisplayMonitoringGraph"
"","1066","Verify all banned IP addresses can be deleted successfully","UI Regression","2026-06-06","passed","2026-06-06","ui.configuration.security.banned.BannedIPAddressTest","Test","ui.configuration.security.banned.BannedIPAddressTest","deleteAll"
"","557","Destination IP Based Alerts UI page load validation","UI Sanity","2026-06-06","passed","2026-06-06","sanity.visibility.alerts.alertfilters.AlertFilterPagesTest","Test","sanity.visibility.alerts.alertfilters.AlertFilterPagesTest","destinationIPBasedAlertsUiPageLoadValidation"
"","2716","Receive Blacklist UI page load validation","UI Sanity","2026-06-06","passed","2026-06-06","sanity.configuration.access.externalservices.ExternalServicesPagesTest","Test","sanity.configuration.access.externalservices.ExternalServicesPagesTest","receiveBlacklistUiPageLoadValidation"
"","661","Register Messages UI page load validation","UI Sanity","2026-06-06","passed","2026-06-06","sanity.visibility.messages.MessagePagesTest","Test","sanity.visibility.messages.MessagePagesTest","registerMessagesUiPageLoadValidation"
"","57494","Verify Enable checkbox can be updated","UI Regression","2026-06-06","passed","2026-06-06","ui.configuration.security.dno.AssignedNumbersTest","Test","ui.configuration.security.dno.AssignedNumbersTest","verifyEnableCheckbox"
"","2300","Per Destination Country Variance UI page load validation","UI Sanity","2026-06-06","passed","2026-06-06","sanity.configuration.tollfraud.baselinebased.variance.VariancePagesTest","Test","sanity.configuration.tollfraud.baselinebased.variance.VariancePagesTest","perDestinationCountryVarianceUiPageLoadValidation"
"","500","Registration Fraud UI page load validation","UI Sanity","2026-06-06","passed","2026-06-06","sanity.configuration.security.monitors.MonitorPagesTest","Test","sanity.configuration.security.monitors.MonitorPagesTest","registrationFraudUiPageLoadValidation"
"","7820","Verify safelist IP can be deleted successfully","UI Regression","2026-06-06","failed","2026-06-06","ui.configuration.security.safelist.SafelistIPTest","Test","ui.configuration.security.safelist.SafelistIPTest","deleteIP"
"","3050","Destination Call Rate UI page load validation","UI Sanity","2026-06-06","passed","2026-06-06","sanity.configuration.policies.PolicyPagesTest","Test","sanity.configuration.policies.PolicyPagesTest","destinationCallRateUiPageLoadValidation"
"","1371","Verify cancelled safelist number is not added","UI Regression","2026-06-06","passed","2026-06-06","ui.configuration.security.safelist.SafelistNumbersTest","Test","ui.configuration.security.safelist.SafelistNumbersTest","cancelAddNumber"
"","1505","Call Cost Auto Upload UI page load validation","UI Sanity","2026-06-06","passed","2026-06-06","sanity.configuration.services.callcostrating.CallCostRatingPagesTest","Test","sanity.configuration.services.callcostrating.CallCostRatingPagesTest","callCostAutoUploadUiPageLoadValidation"
"","667","TPS History UI page load validation","UI Sanity","2026-06-06","passed","2026-06-06","sanity.visibility.history.HistoryPagesTest","Test","sanity.visibility.history.HistoryPagesTest","tpsHistoryUiPageLoadValidation"
"","504","STIR/SHAKEN Verfication UI page load validation","UI Sanity","2026-06-06","passed","2026-06-06","sanity.configuration.services.ServicesPagesTest","Test","sanity.configuration.services.ServicesPagesTest","stirShakenVerificationUiPageLoadValidation"
"","7700","Initialize application information for execution report","UI Sanity","2026-06-06","passed","2026-06-06","sanity.login.LoginPageTest","Test","sanity.login.LoginPageTest","applicationVersionVerification"
"","4399","Verify all Wangiri Fraud call types can be selected successfully","UI Regression","2026-06-06","passed","2026-06-06","ui.configuration.security.monitors.WangiriFraudTest","Test","ui.configuration.security.monitors.WangiriFraudTest","shouldVerifyAllCallTypes"
"","20548","TPS Stats UI page load validation","UI Sanity","2026-06-06","passed","2026-06-06","sanity.visibility.statistics.StatisticsPagesTest","Test","sanity.visibility.statistics.StatisticsPagesTest","tpsStatsUiPageLoadValidation"
"","551","Verify validation errors are displayed for empty SQL Injection fields","UI Regression","2026-06-06","passed","2026-06-06","ui.configuration.security.monitors.SQLInjectionTest","Test","ui.configuration.security.monitors.SQLInjectionTest","shouldShowValidationErrorsForEmptyField"
"","605","Audit Log UI page load validation","UI Sanity","2026-06-06","passed","2026-06-06","sanity.administration.AdministrationPagesTest","Test","sanity.administration.AdministrationPagesTest","auditLogUiPageLoadValidation"
"","522","Wangiri Fraud UI page load validation","UI Sanity","2026-06-06","passed","2026-06-06","sanity.configuration.security.monitors.MonitorPagesTest","Test","sanity.configuration.security.monitors.MonitorPagesTest","wangiriFraudUiPageLoadValidation"
"","1145","Verify user can enable Error Response Monitor and apply configuration successfully","UI Regression","2026-06-06","passed","2026-06-06","ui.configuration.security.monitors.spit.ErrorResponseAlertTest","Test","ui.configuration.security.monitors.spit.ErrorResponseAlertTest","shouldUpdateErrorResponseConfiguration"
"","507","Default Variance UI page load validation","UI Sanity","2026-06-06","passed","2026-06-06","sanity.configuration.tollfraud.baselinebased.variance.VariancePagesTest","Test","sanity.configuration.tollfraud.baselinebased.variance.VariancePagesTest","defaultVarianceUiPageLoadValidation"
"","630","DE Register UI page load validation","UI Sanity","2026-06-06","passed","2026-06-06","sanity.configuration.security.monitors.dos.DosPagesTest","Test","sanity.configuration.security.monitors.dos.DosPagesTest","deRegisterUiPageLoadValidation"
"","573","Verify auto refresh value can be applied","UI Regression","2026-06-06","passed","2026-06-06","ui.configuration.security.codecs.LearnedCodecsTest","Test","ui.configuration.security.codecs.LearnedCodecsTest","applyAutoRefresh"
"","537","Remote Database UI page load validation","UI Sanity","2026-06-06","passed","2026-06-06","sanity.configuration.access.management.ManagementPagesTest","Test","sanity.configuration.access.management.ManagementPagesTest","remoteDatabaseUiPageLoadValidation"
"","3335","Registrations Groups Chart UI page load validation","UI Sanity","2026-06-06","passed","2026-06-06","sanity.visibility.registrations.RegistrationPagesTest","Test","sanity.visibility.registrations.RegistrationPagesTest","registrationsGroupsChartUiPageLoadValidation"
"","41348","AFI Stats UI page load validation","UI Sanity","2026-06-06","passed","2026-06-06","sanity.visibility.statistics.StatisticsPagesTest","Test","sanity.visibility.statistics.StatisticsPagesTest","afiStatsUiPageLoadValidation"
"","629","MOS Tracking UI page load validation","UI Sanity","2026-06-06","passed","2026-06-06","sanity.visibility.activity.ActivityPagesTest","Test","sanity.visibility.activity.ActivityPagesTest","mosTrackingUiPageLoadValidation"
"","729","Request Rate UI page load validation","UI Sanity","2026-06-06","passed","2026-06-06","sanity.configuration.security.monitors.dos.DosPagesTest","Test","sanity.configuration.security.monitors.dos.DosPagesTest","requestRateUiPageLoadValidation"
"","782","Factory Defaults UI page load validation","UI Sanity","2026-06-06","passed","2026-06-06","sanity.administration.maintenance.MaintenancePagesTest","Test","sanity.administration.maintenance.MaintenancePagesTest","factoryDefaultsUiPageLoadValidation"
"","4110","SysLogs UI page load validation","UI Sanity","2026-06-06","passed","2026-06-06","sanity.configuration.system.logs.LogPagesTest","Test","sanity.configuration.system.logs.LogPagesTest","sysLogsUiPageLoadValidation"
"","784","Verify invalid Incomplete Calls values are rejected","UI Regression","2026-06-06","passed","2026-06-06","ui.configuration.security.monitors.IncompleteCallsTest","Test","ui.configuration.security.monitors.IncompleteCallsTest","shouldRejectInvalidValues"
"","191","Verify Assigned Numbers search panel can be opened","UI Regression","2026-06-06","passed","2026-06-06","ui.configuration.security.dno.AssignedNumbersTest","Test","ui.configuration.security.dno.AssignedNumbersTest","verifySearchPanelVisibility"
"","158","Verify banned country is displayed in the table","UI Regression","2026-06-06","failed","2026-06-06","ui.configuration.security.banned.BannedCountriesTest","Test","ui.configuration.security.banned.BannedCountriesTest","verifyCountryRule"
"","746","Verify Registration Fraud distance can be updated successfully","UI Regression","2026-06-06","passed","2026-06-06","ui.configuration.security.monitors.RegistrationFraudTest","Test","ui.configuration.security.monitors.RegistrationFraudTest","shouldUpdateDistance"
"","2243","Internal Networks UI page load validation","UI Sanity","2026-06-06","passed","2026-06-06","sanity.configuration.basicsetup.BasicSetupPagesTest","Test","sanity.configuration.basicsetup.BasicSetupPagesTest","internalNetworksUiPageLoadValidation"
"","10718","Verify Call Traffic rule can be deleted successfully","UI Regression","2026-06-06","passed","2026-06-06","ui.configuration.security.CallTrafficTest","Test","ui.configuration.security.CallTrafficTest","deleteRule"
"","1375","Verify validation message is displayed for empty safelist number","UI Regression","2026-06-06","passed","2026-06-06","ui.configuration.security.safelist.SafelistNumbersTest","Test","ui.configuration.security.safelist.SafelistNumbersTest","numberValidationTest"
"","1195","Server Calling Pattern UI page load validation","UI Sanity","2026-06-06","passed","2026-06-06","sanity.visibility.tollfraud.baseline.callvolume.CallVolumePagesTest","Test","sanity.visibility.tollfraud.baseline.callvolume.CallVolumePagesTest","serverCallingPatternUiPageLoadValidation"
"","634","Verify all safelist user agents can be deleted successfully","UI Regression","2026-06-06","passed","2026-06-06","ui.configuration.security.safelist.SafelistUserAgentTest","Test","ui.configuration.security.safelist.SafelistUserAgentTest","deleteAll"
"","1478","Verify cancelled blacklist codec is not saved","UI Regression","2026-06-06","passed","2026-06-06","ui.configuration.security.codecs.BlackListedCodecsTest","Test","ui.configuration.security.codecs.BlackListedCodecsTest","cancelAddCodec"
"","619","Verify cancelling SQL Injection configuration restores previous values","UI Regression","2026-06-06","passed","2026-06-06","ui.configuration.security.monitors.SQLInjectionTest","Test","ui.configuration.security.monitors.SQLInjectionTest","shouldCancelConfiguration"
"","945","Verify validation error messages are displayed when Request Rate fields are left empty","UI Regression","2026-06-06","passed","2026-06-06","ui.configuration.security.monitors.dos.OptionRateMonitorTest","Test","ui.configuration.security.monitors.dos.OptionRateMonitorTest","shouldShowValidationErrorsForEmptyFields"
"","2431","TPS(Threat Protection Service) UI page load validation","UI Sanity","2026-06-06","passed","2026-06-06","sanity.configuration.services.ServicesPagesTest","Test","sanity.configuration.services.ServicesPagesTest","tpsUiPageLoadValidation"
"","6196","RoboCalls UI page load validation","UI Sanity","2026-06-06","passed","2026-06-06","sanity.configuration.security.botnet.BotnetPagesTest","Test","sanity.configuration.security.botnet.BotnetPagesTest","roboCallsUiPageLoadValidation"
"","1060","Verify user can enable Request Rate Monitor, configure threshold values, and apply the configuration successfully","UI Regression","2026-06-06","passed","2026-06-06","ui.configuration.security.monitors.dos.RequestRateAlertTest","Test","ui.configuration.security.monitors.dos.RequestRateAlertTest","shouldUpdateRequestRateConfiguration"
"","1154","Verify user can enable Call Duration Monitor and apply configuration","UI Regression","2026-06-06","passed","2026-06-06","ui.configuration.security.monitors.spit.CallDurationAlertTest","Test","ui.configuration.security.monitors.spit.CallDurationAlertTest","shouldUpdateCallDurationConfiguration"
"","2569","Verify user can add a banned IP address successfully","UI Regression","2026-06-06","passed","2026-06-06","ui.configuration.security.banned.BannedIPAddressTest","Test","ui.configuration.security.banned.BannedIPAddressTest","addIPAddress"
"","1224","Verify Request Rate Monitor configuration persists after page refresh using alternative values","UI Regression","2026-06-06","passed","2026-06-06","ui.configuration.security.monitors.dos.RequestRateAlertTest","Test","ui.configuration.security.monitors.dos.RequestRateAlertTest","shouldPersistConfigurationAfterRefresh"
"","1688","Verify safelist number can be edited successfully","UI Regression","2026-06-06","passed","2026-06-06","ui.configuration.security.safelist.SafelistNumbersTest","Test","ui.configuration.security.safelist.SafelistNumbersTest","editNumber"
"","5681","Verify UC Application Security text fields can be configured and applied","UI Regression","2026-06-06","passed","2026-06-06","ui.configuration.security.UCApplicationSecurityTest","Test","ui.configuration.security.UCApplicationSecurityTest","configureTextFieldsAndApply"
"","739","Verify CSV upload","UI Regression","2026-06-06","broken","2026-06-06","ui.configuration.security.endDevices.DeviceIntegrityTest","Test","ui.configuration.security.endDevices.DeviceIntegrityTest","uploadCSV"
"","535","Auto Backup Restore UI page load validation","UI Sanity","2026-06-06","passed","2026-06-06","sanity.administration.maintenance.MaintenancePagesTest","Test","sanity.administration.maintenance.MaintenancePagesTest","autoBackupRestoreUiPageLoadValidation"
"","1208","Verify Un Subscribe Monitor configuration persists after page refresh using alternative values","UI Regression","2026-06-06","passed","2026-06-06","ui.configuration.security.monitors.dos.UnSubscribeRateTest","Test","ui.configuration.security.monitors.dos.UnSubscribeRateTest","shouldPersistConfigurationAfterRefresh"
"","2407","Bridge Monitor UI page load validation","UI Sanity","2026-06-06","passed","2026-06-06","sanity.configuration.groups.GroupPagesTest","Test","sanity.configuration.groups.GroupPagesTest","bridgeMonitorUiPageLoadValidation"
"","2044","Packet UI page load validation","UI Sanity","2026-06-06","passed","2026-06-06","sanity.configuration.groups.GroupPagesTest","Test","sanity.configuration.groups.GroupPagesTest","packetUiPageLoadValidation"
"","2205","Verify cancelled entry is not saved","UI Regression","2026-06-06","passed","2026-06-06","ui.configuration.security.endDevices.DeviceIntegrityTest","Test","ui.configuration.security.endDevices.DeviceIntegrityTest","cancelAdd"
"","624","Fraud Alerts UI page load validation","UI Sanity","2026-06-06","passed","2026-06-06","sanity.dashboard.DashboardPagesTest","Test","sanity.dashboard.DashboardPagesTest","fraudAlertsUiPageLoadValidation"
"","154","Verify added safelist user agents are displayed in table","UI Regression","2026-06-06","passed","2026-06-06","ui.configuration.security.safelist.SafelistUserAgentTest","Test","ui.configuration.security.safelist.SafelistUserAgentTest","verifyUserAgent"
"","976","Verify enabling and disabling of Default User Agent configuration","UI Regression","2026-06-06","passed","2026-06-06","ui.configuration.security.endDevices.DefaultUserAgentTest","Test","ui.configuration.security.endDevices.DefaultUserAgentTest","toggleEnable"
"","451","Blacklist Service UI page load validation","UI Sanity","2026-06-06","passed","2026-06-06","sanity.administration.maintenance.MaintenancePagesTest","Test","sanity.administration.maintenance.MaintenancePagesTest","blacklistServiceUiPageLoadValidation"
"","1177","Verify cancelling Flash Call configuration restores previous values","UI Regression","2026-06-06","passed","2026-06-06","ui.configuration.security.monitors.FlashCallTest","Test","ui.configuration.security.monitors.FlashCallTest","shouldCancelFlashCallConfiguration"
"","4517","Verify Call Traffic rule can be added successfully","UI Regression","2026-06-06","passed","2026-06-06","ui.configuration.security.CallTrafficTest","Test","ui.configuration.security.CallTrafficTest","addFullRule"
"","61","Verify Request Rate Monitoring graph is displayed on the dashboard","UI Regression","2026-06-06","passed","2026-06-06","ui.configuration.security.monitors.dos.RequestRateAlertTest","Test","ui.configuration.security.monitors.dos.RequestRateAlertTest","shouldDisplayMonitoringGraph"
"","454","UnSubscribe Rate UI page load validation","UI Sanity","2026-06-06","passed","2026-06-06","sanity.configuration.security.monitors.dos.DosPagesTest","Test","sanity.configuration.security.monitors.dos.DosPagesTest","unSubscribeRateUiPageLoadValidation"
"","2863","CMS UI page load validation","UI Sanity","2026-06-06","passed","2026-06-06","sanity.configuration.access.management.ManagementPagesTest","Test","sanity.configuration.access.management.ManagementPagesTest","cmsUiPageLoadValidation"
"","30904","Verify validation errors are displayed for empty War Dialing fields","UI Regression","2026-06-06","broken","2026-06-06","ui.configuration.security.monitors.WarDialingTest","Test","ui.configuration.security.monitors.WarDialingTest","shouldShowValidationErrorsForEmptyFields"
"","42","Verify edited Call Traffic rule is displayed correctly","UI Regression","2026-06-06","passed","2026-06-06","ui.configuration.security.CallTrafficTest","Test","ui.configuration.security.CallTrafficTest","verifyEditedRule"
"","1250","Verify alternate safelist user agent can be added successfully","UI Regression","2026-06-06","passed","2026-06-06","ui.configuration.security.safelist.SafelistUserAgentTest","Test","ui.configuration.security.safelist.SafelistUserAgentTest","addAltUserAgent"
"","603","Error Responses UI page load validation","UI Sanity","2026-06-06","passed","2026-06-06","sanity.visibility.activity.ActivityPagesTest","Test","sanity.visibility.activity.ActivityPagesTest","errorResponsesUiPageLoadValidation"
"","1785","Verify dynamic payload codec can be added successfully","UI Regression","2026-06-06","passed","2026-06-06","ui.configuration.security.codecs.AllowedCodecsTest","Test","ui.configuration.security.codecs.AllowedCodecsTest","addDynamicPayloadCodec"
"","2831","Call History UI page load validation","UI Sanity","2026-06-06","passed","2026-06-06","sanity.visibility.calls.CallPagesTest","Test","sanity.visibility.calls.CallPagesTest","callHistoryUiPageLoadValidation"
"","187","Verify learned codecs can be searched by codec name and payload dynamically","UI Regression","2026-06-06","broken","2026-06-06","ui.configuration.security.codecs.LearnedCodecsTest","Test","ui.configuration.security.codecs.LearnedCodecsTest","searchByCodecNameAndPayload"
"","11085","Assigned Numbers UI page load validation","UI Sanity","2026-06-06","passed","2026-06-06","sanity.configuration.security.dno.DnoPagesTest","Test","sanity.configuration.security.dno.DnoPagesTest","assignedNumbersUiPageLoadValidation"
"","2594","Manage Users UI page load validation","UI Sanity","2026-06-06","passed","2026-06-06","sanity.administration.usermanagement.UserManagementPagesTest","Test","sanity.administration.usermanagement.UserManagementPagesTest","manageUsersUiPageLoadValidation"
"","550","Verify user can enable Simultaneous Session Monitor and apply configuration","UI Regression","2026-06-06","passed","2026-06-06","ui.configuration.security.monitors.spit.SimultaneousSessionAlertTest","Test","ui.configuration.security.monitors.spit.SimultaneousSessionAlertTest","shouldUpdateSimultaneousSessionConfiguration"
"","1122","Verify banned IP address can be deleted successfully","UI Regression","2026-06-06","broken","2026-06-06","ui.configuration.security.banned.BannedIPAddressTest","Test","ui.configuration.security.banned.BannedIPAddressTest","deleteIPAddress"
"","200","Verify DNO Numbers search panel can be opened","UI Regression","2026-06-06","passed","2026-06-06","ui.configuration.security.dno.DNONumbersTest","Test","ui.configuration.security.dno.DNONumbersTest","verifySearchPanelVisibility"
"","2022","Verify user can add device integrity rule successfully","UI Regression","2026-06-06","passed","2026-06-06","ui.configuration.security.endDevices.DeviceIntegrityTest","Test","ui.configuration.security.endDevices.DeviceIntegrityTest","addDeviceIntegrity"
"","4840","Verify successful login with valid credentials","UI Regression","2026-06-06","passed","2026-06-06","ui.login.CTMLoginTest","Test","ui.login.CTMLoginTest","verifySuccessfulLogin"
"","3210","MOS Groups UI page load validation","UI Sanity","2026-06-06","passed","2026-06-06","sanity.configuration.groups.GroupPagesTest","Test","sanity.configuration.groups.GroupPagesTest","mosUiPageLoadValidation"
"","34","Verify Incomplete Calls monitoring can be enabled successfully","UI Regression","2026-06-06","passed","2026-06-06","ui.configuration.security.monitors.IncompleteCallsTest","Test","ui.configuration.security.monitors.IncompleteCallsTest","shouldEnableIncompleteCalls"
"","3033","Fraud Numbers UI page load validation","UI Sanity","2026-06-06","passed","2026-06-06","sanity.configuration.security.botnet.BotnetPagesTest","Test","sanity.configuration.security.botnet.BotnetPagesTest","fraudNumbersUiPageLoadValidation"
"","2619","Tap IPSec Config UI page load validation","UI Sanity","2026-06-06","passed","2026-06-06","sanity.configuration.system.ipsec.IPSecPagesTest","Test","sanity.configuration.system.ipsec.IPSecPagesTest","tapIPSecConfigUiPageLoadValidation"
"","1517","Verify validation message is displayed when user agent name is empty","UI Regression","2026-06-06","passed","2026-06-06","ui.configuration.security.endDevices.MaliciousUserAgentTest","Test","ui.configuration.security.endDevices.MaliciousUserAgentTest","addEmptyValidation"
"","1745","Verify cancelled IP address entry is not saved","UI Regression","2026-06-06","passed","2026-06-06","ui.configuration.security.banned.BannedIPAddressTest","Test","ui.configuration.security.banned.BannedIPAddressTest","cancelAdd"
"","1124","Toll Fraud History UI page load validation","UI Sanity","2026-06-06","passed","2026-06-06","sanity.visibility.tollfraud.TollFraudPagesTest","Test","sanity.visibility.tollfraud.TollFraudPagesTest","tollFraudHistoryUiPageLoadValidation"
"","2002","Verify duplicate allowed codec validation message is displayed","UI Regression","2026-06-06","passed","2026-06-06","ui.configuration.security.codecs.AllowedCodecsTest","Test","ui.configuration.security.codecs.AllowedCodecsTest","duplicateAllowedCodec"
"","642","Verify alternate War Dialing values can be configured successfully","UI Regression","2026-06-06","passed","2026-06-06","ui.configuration.security.monitors.WarDialingTest","Test","ui.configuration.security.monitors.WarDialingTest","shouldConfigureAlternateValues"
"","1278","Alerts UI page load validation","UI Sanity","2026-06-06","passed","2026-06-06","sanity.visibility.alerts.AlertPagesTest","Test","sanity.visibility.alerts.AlertPagesTest","alertsUiPageLoadValidation"
"","1268","Security Dashboard UI page load validation","UI Sanity","2026-06-06","passed","2026-06-06","sanity.dashboard.DashboardPagesTest","Test","sanity.dashboard.DashboardPagesTest","securityDashboardUiPageLoadValidation"
"","2446","Global User Range UI page load validation","UI Sanity","2026-06-06","passed","2026-06-06","sanity.configuration.groups.GroupPagesTest","Test","sanity.configuration.groups.GroupPagesTest","globalUserUiPageLoadValidation"
"","500","Verify banned numbers report can be exported successfully","UI Regression","2026-06-06","passed","2026-06-06","ui.configuration.security.banned.BannedNumbersTest","Test","ui.configuration.security.banned.BannedNumbersTest","exportCSVTest"
"","551","Options Messages UI page load validation","UI Sanity","2026-06-06","passed","2026-06-06","sanity.visibility.messages.MessagePagesTest","Test","sanity.visibility.messages.MessagePagesTest","optionsMessagesUiPageLoadValidation"
"","470","SIP Error Codes Chart UI page load validation","UI Sanity","2026-06-06","passed","2026-06-06","sanity.visibility.activity.ActivityPagesTest","Test","sanity.visibility.activity.ActivityPagesTest","sipErrorCodesChartUiPageLoadValidation"
"","733","Verify validation errors when fields are empty","UI Regression","2026-06-06","passed","2026-06-06","ui.configuration.security.monitors.FlashCallTest","Test","ui.configuration.security.monitors.FlashCallTest","shouldShowValidationErrorsForEmptyFields"
"","428","Verify Call Traffic Tracking can be enabled successfully","UI Regression","2026-06-06","passed","2026-06-06","ui.configuration.security.CallTrafficTest","Test","ui.configuration.security.CallTrafficTest","enableAndVerifyToggle"
"","1316","Call Groups Chart UI page load validation","UI Sanity","2026-06-06","passed","2026-06-06","sanity.visibility.calls.CallPagesTest","Test","sanity.visibility.calls.CallPagesTest","callGroupsChartUiPageLoadValidation"
"","1340","Verify banned country can be deleted successfully","UI Regression","2026-06-06","passed","2026-06-06","ui.configuration.security.banned.BannedCountriesTest","Test","ui.configuration.security.banned.BannedCountriesTest","deleteCountry"
"","61257","Verify Update button repopulates Assigned Numbers data","UI Regression","2026-06-06","passed","2026-06-06","ui.configuration.security.dno.AssignedNumbersTest","Test","ui.configuration.security.dno.AssignedNumbersTest","verifyUpdateButton"
"","917","AFI History UI page load validation","UI Sanity","2026-06-06","passed","2026-06-06","sanity.visibility.history.HistoryPagesTest","Test","sanity.visibility.history.HistoryPagesTest","afiHistoryUiPageLoadValidation"
"","281","Verify fields enabled and disabled when Auto Learn is disabled","UI Regression","2026-06-06","passed","2026-06-06","ui.configuration.security.monitors.FlashCallTest","Test","ui.configuration.security.monitors.FlashCallTest","shouldVerifyAutoLearnDisabledFields"
"","1095","Verify safelist user agents can be uploaded using CSV file","UI Regression","2026-06-06","passed","2026-06-06","ui.configuration.security.safelist.SafelistUserAgentTest","Test","ui.configuration.security.safelist.SafelistUserAgentTest","uploadCSV"
"","2763","Call Direction UI page load validation","UI Sanity","2026-06-06","passed","2026-06-06","sanity.configuration.basicsetup.BasicSetupPagesTest","Test","sanity.configuration.basicsetup.BasicSetupPagesTest","callDirectionUiPageLoadValidation"
"","2528","UC Clients UI page load validation","UI Sanity","2026-06-06","passed","2026-06-06","sanity.configuration.basicsetup.BasicSetupPagesTest","Test","sanity.configuration.basicsetup.BasicSetupPagesTest","ucClientsUiPageLoadValidation"
"","982","Verify validation error messages are displayed when Request Rate fields are left empty","UI Regression","2026-06-06","passed","2026-06-06","ui.configuration.security.monitors.dos.RequestRateAlertTest","Test","ui.configuration.security.monitors.dos.RequestRateAlertTest","shouldShowValidationErrorsForEmptyFields"
"","757","Verify RTP Monitor configuration can be updated successfully","UI Regression","2026-06-06","passed","2026-06-06","ui.configuration.security.monitors.RTPMonitorTest","Test","ui.configuration.security.monitors.RTPMonitorTest","shouldConfigureRTPMonitor"
"","903","Verify cancelling Wangiri Fraud configuration restores previous values","UI Regression","2026-06-06","passed","2026-06-06","ui.configuration.security.monitors.WangiriFraudTest","Test","ui.configuration.security.monitors.WangiriFraudTest","shouldCancelConfiguration"
"","803","User Financial Calling Pattern UI page load validation","UI Sanity","2026-06-06","passed","2026-06-06","sanity.visibility.tollfraud.baseline.callcost.CallCostPagesTest","Test","sanity.visibility.tollfraud.baseline.callcost.CallCostPagesTest","userFinancialCallingPatternUiPageLoadValidation"
"","2223","Verify duplicate safelist IP cannot be added","UI Regression","2026-06-06","passed","2026-06-06","ui.configuration.security.safelist.SafelistIPTest","Test","ui.configuration.security.safelist.SafelistIPTest","addDuplicateIP"
"","2325","User IP UI page load validation","UI Sanity","2026-06-06","passed","2026-06-06","sanity.configuration.groups.GroupPagesTest","Test","sanity.configuration.groups.GroupPagesTest","userIPUiPageLoadValidation"
"","1641","Verify Message Integrity configuration persists after page reload","UI Regression","2026-06-06","broken","2026-06-06","ui.configuration.security.endDevices.MessageIntegrityTest","Test","ui.configuration.security.endDevices.MessageIntegrityTest","persistAfterReload"
"","635","Link ASR Tracking UI page load validation","UI Sanity","2026-06-06","passed","2026-06-06","sanity.visibility.activity.ActivityPagesTest","Test","sanity.visibility.activity.ActivityPagesTest","linkASRTrackingUiPageLoadValidation"
"","1432","Verify malicious user agent search returns matching result","UI Regression","2026-06-06","passed","2026-06-06","ui.configuration.security.endDevices.MaliciousUserAgentTest","Test","ui.configuration.security.endDevices.MaliciousUserAgentTest","searchUserAgent"
"","1099","Verify Flood Monitor configuration persists after refresh using alternative threshold values","UI Regression","2026-06-06","passed","2026-06-06","ui.configuration.security.monitors.dos.FloodMonitorTest","Test","ui.configuration.security.monitors.dos.FloodMonitorTest","shouldUpdateFloodMonitorUsingAlternativeValues"
"","2164","Verify cancelling War Dialing configuration restores previous values","UI Regression","2026-06-06","passed","2026-06-06","ui.configuration.security.monitors.WarDialingTest","Test","ui.configuration.security.monitors.WarDialingTest","shouldCancelConfiguration"
"","108","Verify BlackListed Codecs can be enabled successfully","UI Regression","2026-06-06","passed","2026-06-06","ui.configuration.security.codecs.BlackListedCodecsTest","Test","ui.configuration.security.codecs.BlackListedCodecsTest","enableBlackListedCodecs"
"","482","Verify device integrity records are displayed","UI Regression","2026-06-06","passed","2026-06-06","ui.configuration.security.endDevices.DeviceIntegrityTest","Test","ui.configuration.security.endDevices.DeviceIntegrityTest","verifyDeviceIntegrity"
"","2366","Error Rate Tracking UI page load validation","UI Sanity","2026-06-06","passed","2026-06-06","sanity.configuration.security.SecurityPagesTest","Test","sanity.configuration.security.SecurityPagesTest","errorRateTrackingUiPageLoadValidation"
"","2351","Conferences UI page load validation","UI Sanity","2026-06-06","passed","2026-06-06","sanity.visibility.activity.ActivityPagesTest","Test","sanity.visibility.activity.ActivityPagesTest","conferencesUiPageLoadValidation"
"","839","Verify validation error messages are displayed when PAssert Rate fields are left empty","UI Regression","2026-06-06","passed","2026-06-06","ui.configuration.security.monitors.dos.PAssertRateMonitorTest","Test","ui.configuration.security.monitors.dos.PAssertRateMonitorTest","shouldShowValidationErrorsForEmptyFields"
"","2684","Verify user can add a banned number successfully","UI Regression","2026-06-06","passed","2026-06-06","ui.configuration.security.banned.BannedNumbersTest","Test","ui.configuration.security.banned.BannedNumbersTest","addNumber"
"","854","Verify validation errors when fields are empty","UI Regression","2026-06-06","passed","2026-06-06","ui.configuration.security.monitors.spit.CallDurationAlertTest","Test","ui.configuration.security.monitors.spit.CallDurationAlertTest","shouldShowValidationErrorsForEmptyFields"
"","1468","Registrations Chart UI page load validation","UI Sanity","2026-06-06","passed","2026-06-06","sanity.visibility.registrations.RegistrationPagesTest","Test","sanity.visibility.registrations.RegistrationPagesTest","registrationsChartUiPageLoadValidation"
"","210","Verify RTP Monitor configuration persists after refresh","UI Regression","2026-06-06","passed","2026-06-06","ui.configuration.security.monitors.RTPMonitorTest","Test","ui.configuration.security.monitors.RTPMonitorTest","shouldVerifyConfigurationPersistence"
"","2021","Static Baseline Policies UI page load validation","UI Sanity","2026-06-06","passed","2026-06-06","sanity.configuration.tollfraud.baselinebased.BaselineBasedPagesTest","Test","sanity.configuration.tollfraud.baselinebased.BaselineBasedPagesTest","staticBaselinePoliciesUiPageLoadValidation"
"","2781","Registrations UI page load validation","UI Sanity","2026-06-06","passed","2026-06-06","sanity.visibility.registrations.RegistrationPagesTest","Test","sanity.visibility.registrations.RegistrationPagesTest","registrationsUiPageLoadValidation"
"","46724","Verify dynamic payload blacklist codec can be added successfully","UI Regression","2026-06-06","broken","2026-06-06","ui.configuration.security.codecs.BlackListedCodecsTest","Test","ui.configuration.security.codecs.BlackListedCodecsTest","addDynamicPayloadCodec"
"","547","Verify Wangiri Fraud configuration persists after refresh","UI Regression","2026-06-06","passed","2026-06-06","ui.configuration.security.monitors.WangiriFraudTest","Test","ui.configuration.security.monitors.WangiriFraudTest","shouldVerifyConfigurationPersistence"
"","615","Tap TLS Certificate UI page load validation","UI Sanity","2026-06-06","passed","2026-06-06","sanity.administration.certificates.tls.TLSCertificatePagesTest","Test","sanity.administration.certificates.tls.TLSCertificatePagesTest","tapTLSCertificateUiPageLoadValidation"
"","20874","Verify DNO Numbers search functionality using table data","UI Regression","2026-06-06","passed","2026-06-06","ui.configuration.security.dno.DNONumbersTest","Test","ui.configuration.security.dno.DNONumbersTest","searchUsingExistingRecord"
"","821","Database UI page load validation","UI Sanity","2026-06-06","passed","2026-06-06","sanity.administration.maintenance.MaintenancePagesTest","Test","sanity.administration.maintenance.MaintenancePagesTest","databaseUiPageLoadValidation"
"","69604","Verify Update button repopulates DNO Numbers data","UI Regression","2026-06-06","broken","2026-06-06","ui.configuration.security.dno.DNONumbersTest","Test","ui.configuration.security.dno.DNONumbersTest","verifyUpdateButton"
"","479","Verify Learned Codecs PDF report can be exported successfully","UI Regression","2026-06-06","passed","2026-06-06","ui.configuration.security.codecs.LearnedCodecsTest","Test","ui.configuration.security.codecs.LearnedCodecsTest","exportPDFTest"
"","1527","Verify validation message is displayed for empty user agent fields","UI Regression","2026-06-06","passed","2026-06-06","ui.configuration.security.safelist.SafelistUserAgentTest","Test","ui.configuration.security.safelist.SafelistUserAgentTest","emptyValidation"
"","1086","Verify Flash Call configuration without Auto Learn persists after refresh","UI Regression","2026-06-06","passed","2026-06-06","ui.configuration.security.monitors.FlashCallTest","Test","ui.configuration.security.monitors.FlashCallTest","shouldConfigureFlashCallWithoutAutoLearn"
"","8302","Verify UC Application Security checkbox changes are discarded on cancel","UI Regression","2026-06-06","passed","2026-06-06","ui.configuration.security.UCApplicationSecurityTest","Test","ui.configuration.security.UCApplicationSecurityTest","cancelCheckboxChanges"
"","1083","Financial Dashboard UI page load validation","UI Sanity","2026-06-06","passed","2026-06-06","sanity.dashboard.DashboardPagesTest","Test","sanity.dashboard.DashboardPagesTest","financialDashboardUiPageLoadValidation"
"","784","Violation Severity UI page load validation","UI Sanity","2026-06-06","passed","2026-06-06","sanity.configuration.basicsetup.alertSeverity.AlertSeverityPagesTest","Test","sanity.configuration.basicsetup.alertSeverity.AlertSeverityPagesTest","violationSeverityUiPageLoadValidation"
"","10816","Verify invalid SQL Injection patterns are rejected","UI Regression","2026-06-06","broken","2026-06-06","ui.configuration.security.monitors.SQLInjectionTest","Test","ui.configuration.security.monitors.SQLInjectionTest","shouldRejectNonSQLPattern"
"","2340","IRSF Monitor UI page load validation","UI Sanity","2026-06-06","passed","2026-06-06","sanity.configuration.policies.PolicyPagesTest","Test","sanity.configuration.policies.PolicyPagesTest","irsfMonitorUiPageLoadValidation"
"","533","Verify SQL Injection pattern can be configured successfully","UI Regression","2026-06-06","passed","2026-06-06","ui.configuration.security.monitors.SQLInjectionTest","Test","ui.configuration.security.monitors.SQLInjectionTest","shouldConfigureSQLInjectionPattern"
"","1050","UC Analytics UI page load validation","UI Sanity","2026-06-06","passed","2026-06-06","sanity.dashboard.DashboardPagesTest","Test","sanity.dashboard.DashboardPagesTest","ucAnalyticsUiPageLoadValidation"
"","46","Verify added Call Traffic rule is displayed correctly","UI Regression","2026-06-06","passed","2026-06-06","ui.configuration.security.CallTrafficTest","Test","ui.configuration.security.CallTrafficTest","verifyAddedRule"
"","1105","Verify PAssert Rate Monitor configuration persists after page refresh using alternative values","UI Regression","2026-06-06","passed","2026-06-06","ui.configuration.security.monitors.dos.PAssertRateMonitorTest","Test","ui.configuration.security.monitors.dos.PAssertRateMonitorTest","shouldPersistConfigurationAfterRefresh"
"","547","Verify duplicate and new countries are handled correctly","UI Regression","2026-06-06","broken","2026-06-06","ui.configuration.security.banned.BannedCountriesTest","Test","ui.configuration.security.banned.BannedCountriesTest","addMixedDuplicateAndNewCountry"
"","612","User Calling Pattern UI page load validation","UI Sanity","2026-06-06","passed","2026-06-06","sanity.visibility.tollfraud.baseline.callvolume.CallVolumePagesTest","Test","sanity.visibility.tollfraud.baseline.callvolume.CallVolumePagesTest","userCallingPatternUiPageLoadValidation"
"","47073","Verify TDoS toggle can be enabled","UI Regression","2026-06-06","broken","2026-06-06","ui.configuration.security.monitors.dos.TDosTest","Test","ui.configuration.security.monitors.dos.TDosTest","shouldEnableTDos"
"","1518","Verify user can enable PAssert Rate Monitor, configure threshold values, and apply the configuration successfully","UI Regression","2026-06-06","passed","2026-06-06","ui.configuration.security.monitors.dos.PAssertRateMonitorTest","Test","ui.configuration.security.monitors.dos.PAssertRateMonitorTest","shouldUpdatePAssertRateConfiguration"
"","496","Q850 Codes Chart UI page load validation","UI Sanity","2026-06-06","passed","2026-06-06","sanity.visibility.activity.ActivityPagesTest","Test","sanity.visibility.activity.ActivityPagesTest","q850CodesChartUiPageLoadValidation"
"","358","Verify that the risk level dropdown can be changed and persists the selected value","UI Regression","2026-06-06","passed","2026-06-06","ui.configuration.security.botnet.RoboCallsTest","Test","ui.configuration.security.botnet.RoboCallsTest","changeRiskLevel"
"","2648","TDos UI page load validation","UI Sanity","2026-06-06","passed","2026-06-06","sanity.configuration.security.monitors.dos.DosPagesTest","Test","sanity.configuration.security.monitors.dos.DosPagesTest","tDosUiPageLoadValidation"
"","799","Verify alternate Incomplete Calls values can be configured successfully","UI Regression","2026-06-06","passed","2026-06-06","ui.configuration.security.monitors.IncompleteCallsTest","Test","ui.configuration.security.monitors.IncompleteCallsTest","shouldConfigureAlternateValues"
"","194","Verify learned codecs can be searched by codec name dynamically","UI Regression","2026-06-06","broken","2026-06-06","ui.configuration.security.codecs.LearnedCodecsTest","Test","ui.configuration.security.codecs.LearnedCodecsTest","searchByCodecName"
"","521","Reports Download UI page load validation","UI Sanity","2026-06-06","passed","2026-06-06","sanity.report.ReportPagesTest","Test","sanity.report.ReportPagesTest","reportsDownloadUiPageLoadValidation"
"","2095","Verify War Dialing originating type can be updated successfully","UI Regression","2026-06-06","passed","2026-06-06","ui.configuration.security.monitors.WarDialingTest","Test","ui.configuration.security.monitors.WarDialingTest","shouldUpdateOriginatingType"
"","2575","UC Voice Mail UI page load validation","UI Sanity","2026-06-06","passed","2026-06-06","sanity.configuration.services.ucservices.UCServicesPagesTest","Test","sanity.configuration.services.ucservices.UCServicesPagesTest","ucVoiceMailUiPageLoadValidation"
"","5300","System Stats UI page load validation","UI Sanity","2026-06-06","passed","2026-06-06","sanity.visibility.statistics.StatisticsPagesTest","Test","sanity.visibility.statistics.StatisticsPagesTest","systemStatsUiPageLoadValidation"
"","245","Verify DNO Numbers CSV upload","UI Regression","2026-06-06","broken","2026-06-06","ui.configuration.security.dno.DNONumbersTest","Test","ui.configuration.security.dno.DNONumbersTest","uploadDNONumbersCSV"
"","46684","Verify all banned numbers can be deleted successfully","UI Regression","2026-06-06","broken","2026-06-06","ui.configuration.security.banned.BannedNumbersTest","Test","ui.configuration.security.banned.BannedNumbersTest","deleteAll"
"","242","Verify Assigned Numbers CSV upload","UI Regression","2026-06-06","broken","2026-06-06","ui.configuration.security.dno.AssignedNumbersTest","Test","ui.configuration.security.dno.AssignedNumbersTest","uploadAssignedNumbersCSV"
"","2443","SNMP Trap UI page load validation","UI Sanity","2026-06-06","passed","2026-06-06","sanity.configuration.system.SystemPagesTest","Test","sanity.configuration.system.SystemPagesTest","snmpTrapUiPageLoadValidation"
"","1146","Verify all banned countries can be deleted successfully","UI Regression","2026-06-06","passed","2026-06-06","ui.configuration.security.banned.BannedCountriesTest","Test","ui.configuration.security.banned.BannedCountriesTest","deleteAll"
"","3093","Verify that the RoboCalls page refresh button reloads the page without breaking functionality","UI Regression","2026-06-06","passed","2026-06-06","ui.configuration.security.botnet.RoboCallsTest","Test","ui.configuration.security.botnet.RoboCallsTest","refreshRoboCallsPage"
"","581","Diameter UI page load validation","UI Sanity","2026-06-06","passed","2026-06-06","sanity.configuration.access.authentication.AuthenticationPagesTest","Test","sanity.configuration.access.authentication.AuthenticationPagesTest","diameterUiPageLoadValidation"
"","1319","Verify invalid learned codecs search returns no results","UI Regression","2026-06-06","passed","2026-06-06","ui.configuration.security.codecs.LearnedCodecsTest","Test","ui.configuration.security.codecs.LearnedCodecsTest","searchNoResults"
"","601","Attacks Map UI page load validation","UI Sanity","2026-06-06","passed","2026-06-06","sanity.dashboard.DashboardPagesTest","Test","sanity.dashboard.DashboardPagesTest","attacksMapUiPageLoadValidation"
"","10865","Verify UI validation for empty login fields","UI Regression","2026-06-06","failed","2026-06-06","ui.login.CTMLoginTest","Test","ui.login.CTMLoginTest","verifyEmptyFields"
"","436","Verify validation errors are displayed for empty Registration Fraud fields","UI Regression","2026-06-06","passed","2026-06-06","ui.configuration.security.monitors.RegistrationFraudTest","Test","ui.configuration.security.monitors.RegistrationFraudTest","shouldShowValidationErrorsForEmptyField"
"","573","Log Download UI page load validation","UI Sanity","2026-06-06","passed","2026-06-06","sanity.configuration.system.logs.LogPagesTest","Test","sanity.configuration.system.logs.LogPagesTest","logDownloadUiPageLoadValidation"
"","892","Call Statistics UI page load validation","UI Sanity","2026-06-06","passed","2026-06-06","sanity.dashboard.DashboardPagesTest","Test","sanity.dashboard.DashboardPagesTest","callStatisticsUiPageLoadValidation"
"","2394","Country Call Rate UI page load validation","UI Sanity","2026-06-06","passed","2026-06-06","sanity.configuration.policies.PolicyPagesTest","Test","sanity.configuration.policies.PolicyPagesTest","countryCallRateUiPageLoadValidation"
"","1870","Verify validation messages are displayed for empty Error Rate fields","UI Regression","2026-06-06","passed","2026-06-06","ui.configuration.security.ErrorRateTest","Test","ui.configuration.security.ErrorRateTest","validationTest"
"","2838","Verify Error Rate rule creation can be cancelled successfully","UI Regression","2026-06-06","passed","2026-06-06","ui.configuration.security.ErrorRateTest","Test","ui.configuration.security.ErrorRateTest","cancelRule"
"","1238","Verify Option Rate Monitor configuration persists after page refresh using alternative values","UI Regression","2026-06-06","passed","2026-06-06","ui.configuration.security.monitors.dos.OptionRateMonitorTest","Test","ui.configuration.security.monitors.dos.OptionRateMonitorTest","shouldPersistConfigurationAfterRefresh"
"","10907","Verify Risk Level persists after refresh","UI Regression","2026-06-06","passed","2026-06-06","ui.configuration.security.dno.AssignedNumbersTest","Test","ui.configuration.security.dno.AssignedNumbersTest","verifyRiskLevelPersistence"
"","2440","Call Traffic Tracking UI page load validation","UI Sanity","2026-06-06","passed","2026-06-06","sanity.configuration.security.SecurityPagesTest","Test","sanity.configuration.security.SecurityPagesTest","callTrafficTrackingUiPageLoadValidation"
"","106","Verify Learned Codecs page is loaded successfully","UI Regression","2026-06-06","passed","2026-06-06","ui.configuration.security.codecs.LearnedCodecsTest","Test","ui.configuration.security.codecs.LearnedCodecsTest","verifyPageLoaded"
"","1378","Verify user can add a malicious user agent successfully","UI Regression","2026-06-06","passed","2026-06-06","ui.configuration.security.endDevices.MaliciousUserAgentTest","Test","ui.configuration.security.endDevices.MaliciousUserAgentTest","addUserAgent"
"","3137","Call Rate Rule UI page load validation","UI Sanity","2026-06-06","passed","2026-06-06","sanity.configuration.policies.PolicyPagesTest","Test","sanity.configuration.policies.PolicyPagesTest","callRateRuleUiPageLoadValidation"
"","574","Verify Error Rate rule can be deleted successfully","UI Regression","2026-06-06","passed","2026-06-06","ui.configuration.security.ErrorRateTest","Test","ui.configuration.security.ErrorRateTest","deleteRule"
"","443","Flash Call UI page load validation","UI Sanity","2026-06-06","passed","2026-06-06","sanity.configuration.security.monitors.MonitorPagesTest","Test","sanity.configuration.security.monitors.MonitorPagesTest","flashCallUiPageLoadValidation"
"","1603","Verify duplicate default user agent validation message is displayed","UI Regression","2026-06-06","passed","2026-06-06","ui.configuration.security.endDevices.DefaultUserAgentTest","Test","ui.configuration.security.endDevices.DefaultUserAgentTest","duplicateUserAgent"
"","675","Alert Stats UI page load validation","UI Sanity","2026-06-06","passed","2026-06-06","sanity.visibility.statistics.StatisticsPagesTest","Test","sanity.visibility.statistics.StatisticsPagesTest","alertStatsUiPageLoadValidation"
"","2378","Allowed Codecs UI page load validation","UI Sanity","2026-06-06","passed","2026-06-06","sanity.configuration.security.codecs.CodecPagesTest","Test","sanity.configuration.security.codecs.CodecPagesTest","allowedCodecsUiPageLoadValidation"
"","447","Blacklist API UI page load validation","UI Sanity","2026-06-06","passed","2026-06-06","sanity.configuration.access.api.AccessApiPagesTest","Test","sanity.configuration.access.api.AccessApiPagesTest","blacklistAPIUiPageLoadValidation"
"","1092","Robo Call UI page load validation","UI Sanity","2026-06-06","passed","2026-06-06","sanity.dashboard.DashboardPagesTest","Test","sanity.dashboard.DashboardPagesTest","roboCallUiPageLoadValidation"
"","2545","Source Call Rate UI page load validation","UI Sanity","2026-06-06","passed","2026-06-06","sanity.configuration.policies.PolicyPagesTest","Test","sanity.configuration.policies.PolicyPagesTest","sourceCallRateUiPageLoadValidation"
"","687","Verify parser exception protection can be disabled successfully","UI Regression","2026-06-06","passed","2026-06-06","ui.configuration.security.endDevices.MessageIntegrityTest","Test","ui.configuration.security.endDevices.MessageIntegrityTest","disableParserException"
"","1904","Verify static payload blacklist codec can be added successfully","UI Regression","2026-06-06","passed","2026-06-06","ui.configuration.security.codecs.BlackListedCodecsTest","Test","ui.configuration.security.codecs.BlackListedCodecsTest","addStaticPayloadCodec"
"","1424","Verify Call Duration configuration persists after refresh","UI Regression","2026-06-06","passed","2026-06-06","ui.configuration.security.monitors.spit.CallDurationAlertTest","Test","ui.configuration.security.monitors.spit.CallDurationAlertTest","shouldPersistCallDurationAfterRefresh"
"","816","Subscriptions UI page load validation","UI Sanity","2026-06-06","passed","2026-06-06","sanity.visibility.activity.ActivityPagesTest","Test","sanity.visibility.activity.ActivityPagesTest","subscriptionsUiPageLoadValidation"
"","7020","Verify Push New Data To RSN Cloud checkbox can be updated","UI Regression","2026-06-06","passed","2026-06-06","ui.configuration.security.dno.DNONumbersTest","Test","ui.configuration.security.dno.DNONumbersTest","verifyPushToCloudCheckbox"
"","515","IP Group UI page load validation","UI Sanity","2026-06-06","passed","2026-06-06","sanity.visibility.statistics.networkgroup.NetworkGroupPagesTest","Test","sanity.visibility.statistics.networkgroup.NetworkGroupPagesTest","ipGroupUiPageLoadValidation"
"","1101","Verify cancelling default user agent creation does not save the entry","UI Regression","2026-06-06","passed","2026-06-06","ui.configuration.security.endDevices.DefaultUserAgentTest","Test","ui.configuration.security.endDevices.DefaultUserAgentTest","cancelAdd"
"","551","PCAP Remote Backup UI page load validation","UI Sanity","2026-06-06","passed","2026-06-06","sanity.configuration.services.recording.RecordingPagesTest","Test","sanity.configuration.services.recording.RecordingPagesTest","pcapRemoteBackupUiPageLoadValidation"
"","4758","Verify that RoboCall entries can be uploaded via CSV file and appear correctly in the table","UI Regression","2026-06-06","broken","2026-06-06","ui.configuration.security.botnet.RoboCallsTest","Test","ui.configuration.security.botnet.RoboCallsTest","uploadCSV"
"","775","Verify cancelling Registration Fraud configuration restores previous values","UI Regression","2026-06-06","passed","2026-06-06","ui.configuration.security.monitors.RegistrationFraudTest","Test","ui.configuration.security.monitors.RegistrationFraudTest","shouldCancelConfiguration"
"","1683","Verify alternate device integrity rule can be added successfully","UI Regression","2026-06-06","passed","2026-06-06","ui.configuration.security.endDevices.DeviceIntegrityTest","Test","ui.configuration.security.endDevices.DeviceIntegrityTest","addAltDeviceIntegrity"
"","11535","Verify cancel functionality when adding rule","UI Regression","2026-06-06","passed","2026-06-06","ui.configuration.security.monitors.dos.TDosTest","Test","ui.configuration.security.monitors.dos.TDosTest","shouldCancelAddRule"
"","581","Diameter Sessions UI page load validation","UI Sanity","2026-06-06","passed","2026-06-06","sanity.visibility.activity.ActivityPagesTest","Test","sanity.visibility.activity.ActivityPagesTest","diameterSessionsUiPageLoadValidation"
"","628","ASR Tracking UI page load validation","UI Sanity","2026-06-06","passed","2026-06-06","sanity.visibility.activity.ActivityPagesTest","Test","sanity.visibility.activity.ActivityPagesTest","asrTrackingUiPageLoadValidation"
"","2695","Banned Countries UI page load validation","UI Sanity","2026-06-06","passed","2026-06-06","sanity.configuration.security.banned.BannedPagesTest","Test","sanity.configuration.security.banned.BannedPagesTest","bannedCountriesUiPageLoadValidation"
"","781","Verify banned IP addresses report can be exported successfully","UI Regression","2026-06-06","passed","2026-06-06","ui.configuration.security.banned.BannedIPAddressTest","Test","ui.configuration.security.banned.BannedIPAddressTest","exportCSVTest"
"","7065","Verify that cancelling the add RoboCall operation does not create a new entry","UI Regression","2026-06-06","passed","2026-06-06","ui.configuration.security.botnet.RoboCallsTest","Test","ui.configuration.security.botnet.RoboCallsTest","cancelAddRoboCall"
"","2297","DB Access UI page load validation","UI Sanity","2026-06-06","passed","2026-06-06","sanity.configuration.access.management.ManagementPagesTest","Test","sanity.configuration.access.management.ManagementPagesTest","dbAccessUiPageLoadValidation"
"","1737","Verify user can add a TDoS tracking rule","UI Regression","2026-06-06","passed","2026-06-06","ui.configuration.security.monitors.dos.TDosTest","Test","ui.configuration.security.monitors.dos.TDosTest","shouldAddTDosRule"
"","13546","Verify validation message is displayed when required fields are not provided","UI Regression","2026-06-06","broken","2026-06-06","ui.configuration.security.botnet.RoboCallsTest","Test","ui.configuration.security.botnet.RoboCallsTest","requiredFieldValidation"
"","793","Verify alternate Wangiri Fraud values can be configured successfully","UI Regression","2026-06-06","passed","2026-06-06","ui.configuration.security.monitors.WangiriFraudTest","Test","ui.configuration.security.monitors.WangiriFraudTest","shouldConfigureAlternateValues"
"","1057","Verify parser exception protection can be enabled successfully","UI Regression","2026-06-06","passed","2026-06-06","ui.configuration.security.endDevices.MessageIntegrityTest","Test","ui.configuration.security.endDevices.MessageIntegrityTest","enableParserException"
"","6074","Verify enabling and disabling of RoboCalls global toggle","UI Regression","2026-06-06","passed","2026-06-06","ui.configuration.security.botnet.RoboCallsTest","Test","ui.configuration.security.botnet.RoboCallsTest","toggleEnable"
"","676","Learned Codecs UI page load validation","UI Sanity","2026-06-06","passed","2026-06-06","sanity.configuration.security.codecs.CodecPagesTest","Test","sanity.configuration.security.codecs.CodecPagesTest","learnedCodecsUiPageLoadValidation"
"","1007","Risk Score Classification UI page load validation","UI Sanity","2026-06-06","passed","2026-06-06","sanity.configuration.tollfraud.riskscore.RiskScorePagesTest","Test","sanity.configuration.tollfraud.riskscore.RiskScorePagesTest","riskScoreClassificationUiPageLoadValidation"
"","430","Verify Learned Codecs text report can be exported successfully","UI Regression","2026-06-06","passed","2026-06-06","ui.configuration.security.codecs.LearnedCodecsTest","Test","ui.configuration.security.codecs.LearnedCodecsTest","exportTextTest"
"","7505","Recorded Calls UI page load validation","UI Sanity","2026-06-06","passed","2026-06-06","sanity.visibility.recording.RecordingPagesTest","Test","sanity.visibility.recording.RecordingPagesTest","recordedCallsUiPageLoadValidation"
"","496","Radius UI page load validation","UI Sanity","2026-06-06","passed","2026-06-06","sanity.configuration.access.authentication.AuthenticationPagesTest","Test","sanity.configuration.access.authentication.AuthenticationPagesTest","radiusUiPageLoadValidation"
"","717","Diameter History UI page load validation","UI Sanity","2026-06-06","passed","2026-06-06","sanity.visibility.history.HistoryPagesTest","Test","sanity.visibility.history.HistoryPagesTest","diameterHistoryUiPageLoadValidation"
"","395","License Info UI page load validation","UI Sanity","2026-06-06","passed","2026-06-06","sanity.administration.license.LicensePagesTest","Test","sanity.administration.license.LicensePagesTest","licenseInfoUiPageLoadValidation"
"","2429","Verify cancelled safelist IP is not added","UI Regression","2026-06-06","passed","2026-06-06","ui.configuration.security.safelist.SafelistIPTest","Test","ui.configuration.security.safelist.SafelistIPTest","cancelAddIP"
"","828","Verify banned IP addresses can be uploaded using CSV file","UI Regression","2026-06-06","passed","2026-06-06","ui.configuration.security.banned.BannedIPAddressTest","Test","ui.configuration.security.banned.BannedIPAddressTest","uploadCSV"
"","597","Active Calls Map UI page load validation","UI Sanity","2026-06-06","passed","2026-06-06","sanity.dashboard.DashboardPagesTest","Test","sanity.dashboard.DashboardPagesTest","activeCallsMapUiPageLoadValidation"
"","823","Violations UI page load validation","UI Sanity","2026-06-06","passed","2026-06-06","sanity.visibility.alerts.AlertPagesTest","Test","sanity.visibility.alerts.AlertPagesTest","violationsUiPageLoadValidation"
"","1029","Verify dynamic allowed codec can be deleted successfully","UI Regression","2026-06-06","passed","2026-06-06","ui.configuration.security.codecs.AllowedCodecsTest","Test","ui.configuration.security.codecs.AllowedCodecsTest","deleteDynamicPayloadCodec"
"","2424","UC Servers UI page load validation","UI Sanity","2026-06-06","passed","2026-06-06","sanity.configuration.basicsetup.BasicSetupPagesTest","Test","sanity.configuration.basicsetup.BasicSetupPagesTest","ucServersUiPageLoadValidation"
"","4443","Verify Error Rate rule can be edited successfully","UI Regression","2026-06-06","passed","2026-06-06","ui.configuration.security.ErrorRateTest","Test","ui.configuration.security.ErrorRateTest","editRule"
"","502","Verify Registration Fraud monitoring can be enabled successfully","UI Regression","2026-06-06","passed","2026-06-06","ui.configuration.security.monitors.RegistrationFraudTest","Test","ui.configuration.security.monitors.RegistrationFraudTest","shouldEnableRegistrationFraud"
"","73","Verify added safelist number is displayed in table","UI Regression","2026-06-06","passed","2026-06-06","ui.configuration.security.safelist.SafelistNumbersTest","Test","ui.configuration.security.safelist.SafelistNumbersTest","verifyNumber"
"","2457","Banned Numbers UI page load validation","UI Sanity","2026-06-06","passed","2026-06-06","sanity.configuration.security.banned.BannedPagesTest","Test","sanity.configuration.security.banned.BannedPagesTest","bannedNumbersUiPageLoadValidation"
"","356","Verify Risk Level can be changed","UI Regression","2026-06-06","passed","2026-06-06","ui.configuration.security.dno.AssignedNumbersTest","Test","ui.configuration.security.dno.AssignedNumbersTest","verifyRiskLevelChange"
"","2596","IP Filters UI page load validation","UI Sanity","2026-06-06","passed","2026-06-06","sanity.configuration.system.filters.FilterPagesTest","Test","sanity.configuration.system.filters.FilterPagesTest","ipFiltersUiPageLoadValidation"
"","68","Verify all device integrity records can be deleted successfully","UI Regression","2026-06-06","passed","2026-06-06","ui.configuration.security.endDevices.DeviceIntegrityTest","Test","ui.configuration.security.endDevices.DeviceIntegrityTest","deleteAll"
"","40931","System Config UI page load validation","UI Sanity","2026-06-06","passed","2026-06-06","sanity.configuration.system.SystemPagesTest","Test","sanity.configuration.system.SystemPagesTest","systemConfigUiPageLoadValidation"
"","438","Verify Learned Codecs CSV report can be exported successfully","UI Regression","2026-06-06","passed","2026-06-06","ui.configuration.security.codecs.LearnedCodecsTest","Test","ui.configuration.security.codecs.LearnedCodecsTest","exportCSVTest"
"","2335","Network ACL UI page load validation","UI Sanity","2026-06-06","passed","2026-06-06","sanity.configuration.security.acl.ACLPagesTest","Test","sanity.configuration.security.acl.ACLPagesTest","networkACLUiPageLoadValidation"
"","184","Verify learned codecs can be searched by payload dynamically","UI Regression","2026-06-06","broken","2026-06-06","ui.configuration.security.codecs.LearnedCodecsTest","Test","ui.configuration.security.codecs.LearnedCodecsTest","searchByPayload"
"","2426","Call Recording UI page load validation","UI Sanity","2026-06-06","passed","2026-06-06","sanity.configuration.services.recording.RecordingPagesTest","Test","sanity.configuration.services.recording.RecordingPagesTest","callRecordingUiPageLoadValidation"
"","462","Backup Restore UI page load validation","UI Sanity","2026-06-06","passed","2026-06-06","sanity.administration.maintenance.MaintenancePagesTest","Test","sanity.administration.maintenance.MaintenancePagesTest","backupRestoreUiPageLoadValidation"
"","793","Verify RTP Monitor sequence number range can be updated successfully","UI Regression","2026-06-06","passed","2026-06-06","ui.configuration.security.monitors.RTPMonitorTest","Test","ui.configuration.security.monitors.RTPMonitorTest","shouldUpdateSequenceNumberRange"
"","2134","Verify duplicate banned IP address validation message is displayed","UI Regression","2026-06-06","failed","2026-06-06","ui.configuration.security.banned.BannedIPAddressTest","Test","ui.configuration.security.banned.BannedIPAddressTest","addDuplicateIP"
"","569","Verify enabling and disabling of Malicious User Agent configuration","UI Regression","2026-06-06","passed","2026-06-06","ui.configuration.security.endDevices.MaliciousUserAgentTest","Test","ui.configuration.security.endDevices.MaliciousUserAgentTest","toggleEnable"
"","2216","Malicious User Agent UI page load validation","UI Sanity","2026-06-06","passed","2026-06-06","sanity.configuration.security.enddevices.EndDevicePagesTest","Test","sanity.configuration.security.enddevices.EndDevicePagesTest","maliciousUserAgentUiPageLoadValidation"
"","2688","Send Blacklist Alerts UI page load validation","UI Sanity","2026-06-06","passed","2026-06-06","sanity.configuration.access.externalservices.ExternalServicesPagesTest","Test","sanity.configuration.access.externalservices.ExternalServicesPagesTest","sendBlacklistAlertsUiPageLoadValidation"
"","2973","Risk Score UI page load validation","UI Sanity","2026-06-06","passed","2026-06-06","sanity.configuration.tollfraud.riskscore.RiskScorePagesTest","Test","sanity.configuration.tollfraud.riskscore.RiskScorePagesTest","riskScoreUiPageLoadValidation"
"","1857","Verify duplicate malicious user agent validation message is displayed","UI Regression","2026-06-06","passed","2026-06-06","ui.configuration.security.endDevices.MaliciousUserAgentTest","Test","ui.configuration.security.endDevices.MaliciousUserAgentTest","duplicateUserAgent"
"","1160","Verify Error Response configuration persists after page refresh","UI Regression","2026-06-06","passed","2026-06-06","ui.configuration.security.monitors.spit.ErrorResponseAlertTest","Test","ui.configuration.security.monitors.spit.ErrorResponseAlertTest","shouldPersistConfigurationAfterRefresh"
"","1818","Verify duplicate validation message","UI Regression","2026-06-06","passed","2026-06-06","ui.configuration.security.endDevices.DeviceIntegrityTest","Test","ui.configuration.security.endDevices.DeviceIntegrityTest","duplicateRecord"
"","7195","Main Dashboard UI page load validation","UI Sanity","2026-06-06","passed","2026-06-06","sanity.dashboard.DashboardPagesTest","Test","sanity.dashboard.DashboardPagesTest","mainDashboardUiPageLoadValidation"
"","681","Server Financial Calling Pattern UI page load validation","UI Sanity","2026-06-06","passed","2026-06-06","sanity.visibility.tollfraud.baseline.callcost.CallCostPagesTest","Test","sanity.visibility.tollfraud.baseline.callcost.CallCostPagesTest","serverFinancialCallingPatternUiPageLoadValidation"
"","13138","Verify all War Dialing originating type options are selectable","UI Regression","2026-06-06","passed","2026-06-06","ui.configuration.security.monitors.WarDialingTest","Test","ui.configuration.security.monitors.WarDialingTest","shouldVerifyAllOriginatingTypeOptions"
"","2500","Per User Variance UI page load validation","UI Sanity","2026-06-06","passed","2026-06-06","sanity.configuration.tollfraud.baselinebased.variance.VariancePagesTest","Test","sanity.configuration.tollfraud.baselinebased.variance.VariancePagesTest","perUserVarianceUiPageLoadValidation"
"","2009","Verify duplicate safelist user agent cannot be added","UI Regression","2026-06-06","passed","2026-06-06","ui.configuration.security.safelist.SafelistUserAgentTest","Test","ui.configuration.security.safelist.SafelistUserAgentTest","duplicateUserAgent"
"","964","Verify Flood Monitor can be disabled successfully using the enable toggle","UI Regression","2026-06-06","passed","2026-06-06","ui.configuration.security.monitors.dos.FloodMonitorTest","Test","ui.configuration.security.monitors.dos.FloodMonitorTest","shouldDisableFloodMonitor"
"","1032","Verify user can enable Option Rate Monitor, configure threshold values, and apply the configuration successfully","UI Regression","2026-06-06","passed","2026-06-06","ui.configuration.security.monitors.dos.OptionRateMonitorTest","Test","ui.configuration.security.monitors.dos.OptionRateMonitorTest","shouldUpdateOptionRateConfiguration"
"","760","Flood Monitor UI page load validation","UI Sanity","2026-06-06","passed","2026-06-06","sanity.configuration.security.monitors.dos.DosPagesTest","Test","sanity.configuration.security.monitors.dos.DosPagesTest","floodMonitorUiPageLoadValidation"
"","569","Verify validation error messages are displayed when Flood Monitor fields are left empty","UI Regression","2026-06-06","passed","2026-06-06","ui.configuration.security.monitors.dos.FloodMonitorTest","Test","ui.configuration.security.monitors.dos.FloodMonitorTest","shouldShowValidationErrorsForEmptyFields"
"","601","Verify validation error messages are displayed when Request Rate fields are left empty","UI Regression","2026-06-06","passed","2026-06-06","ui.configuration.security.monitors.dos.UnSubscribeRateTest","Test","ui.configuration.security.monitors.dos.UnSubscribeRateTest","shouldShowValidationErrorsForEmptyFields"
"","364","Verify SQL Injection configuration persists after refresh","UI Regression","2026-06-06","passed","2026-06-06","ui.configuration.security.monitors.SQLInjectionTest","Test","ui.configuration.security.monitors.SQLInjectionTest","shouldVerifyConfigurationPersistence"
"","22531","Verify Push New Data To RSN Cloud checkbox can be updated","UI Regression","2026-06-06","passed","2026-06-06","ui.configuration.security.dno.AssignedNumbersTest","Test","ui.configuration.security.dno.AssignedNumbersTest","verifyPushToCloudCheckbox"
"","184","Verify all safelist numbers can be deleted successfully","UI Regression","2026-06-06","broken","2026-06-06","ui.configuration.security.safelist.SafelistNumbersTest","Test","ui.configuration.security.safelist.SafelistNumbersTest","deleteAllNumber"
"","1283","Call Chart UI page load validation","UI Sanity","2026-06-06","passed","2026-06-06","sanity.visibility.calls.CallPagesTest","Test","sanity.visibility.calls.CallPagesTest","callChartUiPageLoadValidation"
"","2133","SIP Error Code UI page load validation","UI Sanity","2026-06-06","passed","2026-06-06","sanity.configuration.groups.GroupPagesTest","Test","sanity.configuration.groups.GroupPagesTest","sipErrorCodeUiPageLoadValidation"
"","872","Verify DERegister Rate Monitor configuration persists after refresh","UI Regression","2026-06-06","passed","2026-06-06","ui.configuration.security.monitors.dos.DERegisterRateTest","Test","ui.configuration.security.monitors.dos.DERegisterRateTest","shouldPersistDERegisterAfterRefresh"
"","930","Traffic Policer UI page load validation","UI Sanity","2026-06-06","passed","2026-06-06","sanity.configuration.basicsetup.BasicSetupPagesTest","Test","sanity.configuration.basicsetup.BasicSetupPagesTest","trafficPolicerUiPageLoadValidation"
"","1493","Verify user can edit existing TDoS rule","UI Regression","2026-06-06","passed","2026-06-06","ui.configuration.security.monitors.dos.TDosTest","Test","ui.configuration.security.monitors.dos.TDosTest","shouldEditTDosRule"
"","16909","Verify invalid malicious user agent search returns empty results","UI Regression","2026-06-06","broken","2026-06-06","ui.configuration.security.endDevices.MaliciousUserAgentTest","Test","ui.configuration.security.endDevices.MaliciousUserAgentTest","searchInvalidUserAgent"
"","2996","DNO Numbers UI page load validation","UI Sanity","2026-06-06","passed","2026-06-06","sanity.configuration.security.dno.DnoPagesTest","Test","sanity.configuration.security.dno.DnoPagesTest","dnoNumbersUiPageLoadValidation"
"","1578","Verify duplicate safelist number cannot be added","UI Regression","2026-06-06","passed","2026-06-06","ui.configuration.security.safelist.SafelistNumbersTest","Test","ui.configuration.security.safelist.SafelistNumbersTest","addDuplicateNumber"
"","492","SAML Config UI page load validation","UI Sanity","2026-06-06","passed","2026-06-06","sanity.configuration.access.authentication.AuthenticationPagesTest","Test","sanity.configuration.access.authentication.AuthenticationPagesTest","samlConfigUiPageLoadValidation"
"","569","Subscribe Messages UI page load validation","UI Sanity","2026-06-06","passed","2026-06-06","sanity.visibility.messages.MessagePagesTest","Test","sanity.visibility.messages.MessagePagesTest","subscribeMessagesUiPageLoadValidation"
"","541","Verify validation error when Session Limit is empty","UI Regression","2026-06-06","passed","2026-06-06","ui.configuration.security.monitors.spit.SimultaneousSessionAlertTest","Test","ui.configuration.security.monitors.spit.SimultaneousSessionAlertTest","shouldShowValidationErrorForEmptySessionLimit"
"","671","Verify War Dialing configuration persists after refresh","UI Regression","2026-06-06","passed","2026-06-06","ui.configuration.security.monitors.WarDialingTest","Test","ui.configuration.security.monitors.WarDialingTest","shouldVerifyConfigurationPersistence"
"","2536","Verify user can add alternate banned IP address successfully","UI Regression","2026-06-06","passed","2026-06-06","ui.configuration.security.banned.BannedIPAddressTest","Test","ui.configuration.security.banned.BannedIPAddressTest","addAltIPAddress"
"","2222","Blacklisted Codecs UI page load validation","UI Sanity","2026-06-06","passed","2026-06-06","sanity.configuration.security.codecs.CodecPagesTest","Test","sanity.configuration.security.codecs.CodecPagesTest","blacklistedCodecsUiPageLoadValidation"
"","1223","Message Integrity UI page load validation","UI Sanity","2026-06-06","passed","2026-06-06","sanity.configuration.security.enddevices.EndDevicePagesTest","Test","sanity.configuration.security.enddevices.EndDevicePagesTest","messageIntegrityUiPageLoadValidation"
"","825","PAssert Rate UI page load validation","UI Sanity","2026-06-06","passed","2026-06-06","sanity.configuration.security.monitors.dos.DosPagesTest","Test","sanity.configuration.security.monitors.dos.DosPagesTest","pAssertRateUiPageLoadValidation"
"","2766","UC Application ACL UI page load validation","UI Sanity","2026-06-06","passed","2026-06-06","sanity.configuration.security.SecurityPagesTest","Test","sanity.configuration.security.SecurityPagesTest","ucApplicationACLUiPageLoadValidation"
"","34","Verify edited TDoS rule values are correctly updated in table","UI Regression","2026-06-06","passed","2026-06-06","ui.configuration.security.monitors.dos.TDosTest","Test","ui.configuration.security.monitors.dos.TDosTest","shouldVerifyEditedRule"
"","2494","Email Groups UI page load validation","UI Sanity","2026-06-06","passed","2026-06-06","sanity.configuration.groups.GroupPagesTest","Test","sanity.configuration.groups.GroupPagesTest","emailUiPageLoadValidation"
"","573","Verify all safelist IP entries can be deleted successfully","UI Regression","2026-06-06","passed","2026-06-06","ui.configuration.security.safelist.SafelistIPTest","Test","ui.configuration.security.safelist.SafelistIPTest","deleteAll"
"","1135","Verify malicious user agent can be deleted successfully","UI Regression","2026-06-06","passed","2026-06-06","ui.configuration.security.endDevices.MaliciousUserAgentTest","Test","ui.configuration.security.endDevices.MaliciousUserAgentTest","deleteUserAgent"
"","239","Verify Registration Fraud configuration persists after refresh","UI Regression","2026-06-06","passed","2026-06-06","ui.configuration.security.monitors.RegistrationFraudTest","Test","ui.configuration.security.monitors.RegistrationFraudTest","shouldVerifyConfigurationPersistence"
"","2546","Safelist IP UI page load validation","UI Sanity","2026-06-06","passed","2026-06-06","sanity.configuration.security.safelist.SafelistPagesTest","Test","sanity.configuration.security.safelist.SafelistPagesTest","safelistIPUiPageLoadValidation"
"","2134","Regional UI page load validation","UI Sanity","2026-06-06","passed","2026-06-06","sanity.configuration.groups.GroupPagesTest","Test","sanity.configuration.groups.GroupPagesTest","regionalUiPageLoadValidation"
"","2591","Web Blacklist UI page load validation","UI Sanity","2026-06-06","passed","2026-06-06","sanity.configuration.security.botnet.BotnetPagesTest","Test","sanity.configuration.security.botnet.BotnetPagesTest","webBlacklistUiPageLoadValidation"
"","2560","Call Diversion UI page load validation","UI Sanity","2026-06-06","passed","2026-06-06","sanity.configuration.policies.PolicyPagesTest","Test","sanity.configuration.policies.PolicyPagesTest","callDiversionUiPageLoadValidation"
"","5259","Alerts Severity UI page load validation","UI Sanity","2026-06-06","passed","2026-06-06","sanity.configuration.basicsetup.alertSeverity.AlertSeverityPagesTest","Test","sanity.configuration.basicsetup.alertSeverity.AlertSeverityPagesTest","alertsSeverityUiPageLoadValidation"
"","1010","War Dialing UI page load validation","UI Sanity","2026-06-06","passed","2026-06-06","sanity.configuration.security.monitors.MonitorPagesTest","Test","sanity.configuration.security.monitors.MonitorPagesTest","warDialingUiPageLoadValidation"
"","2533","UC Application Services UI page load validation","UI Sanity","2026-06-06","passed","2026-06-06","sanity.configuration.services.ServicesPagesTest","Test","sanity.configuration.services.ServicesPagesTest","ucApplicationServicesUiPageLoadValidation"
"","441","Non-Rural Call Completion UI page load validation","UI Sanity","2026-06-06","passed","2026-06-06","sanity.configuration.services.callCompletion.CallCompletionPagesTest","Test","sanity.configuration.services.callCompletion.CallCompletionPagesTest","nonRuralCallCompletionUiPageLoadValidation"
"","2916","Link ASR UI page load validation","UI Sanity","2026-06-06","passed","2026-06-06","sanity.configuration.groups.GroupPagesTest","Test","sanity.configuration.groups.GroupPagesTest","linkASRUiPageLoadValidation"
"","15357","Verify banned IP addresses are displayed in the table","UI Regression","2026-06-06","broken","2026-06-06","ui.configuration.security.banned.BannedIPAddressTest","Test","ui.configuration.security.banned.BannedIPAddressTest","verifyIPAddress"
"","40","Verify TDoS rule values are correctly stored in table","UI Regression","2026-06-06","passed","2026-06-06","ui.configuration.security.monitors.dos.TDosTest","Test","ui.configuration.security.monitors.dos.TDosTest","shouldVerifyConfigInTable"
"","1187","Verify Wangiri Fraud configuration can be updated successfully","UI Regression","2026-06-06","passed","2026-06-06","ui.configuration.security.monitors.WangiriFraudTest","Test","ui.configuration.security.monitors.WangiriFraudTest","shouldConfigureWangiriFraud"
"","70","Verify DNO flag can be enabled successfully","UI Regression","2026-06-06","passed","2026-06-06","ui.configuration.security.banned.BannedNumbersTest","Test","ui.configuration.security.banned.BannedNumbersTest","verifyEnableDnoFlag"
"","582","User Group UI page load validation","UI Sanity","2026-06-06","passed","2026-06-06","sanity.visibility.statistics.networkgroup.NetworkGroupPagesTest","Test","sanity.visibility.statistics.networkgroup.NetworkGroupPagesTest","userGroupUiPageLoadValidation"
"","393","Dial Call Format UI page load validation","UI Sanity","2026-06-06","passed","2026-06-06","sanity.configuration.basicsetup.BasicSetupPagesTest","Test","sanity.configuration.basicsetup.BasicSetupPagesTest","dialCallFormatUiPageLoadValidation"
"","3997","Verify minimum valid UC Application Security values can be applied successfully","UI Regression","2026-06-06","passed","2026-06-06","ui.configuration.security.UCApplicationSecurityTest","Test","ui.configuration.security.UCApplicationSecurityTest","applyBoundaryValues"
"","9313","Verify that an existing RoboCall entry can be selected and deleted successfully","UI Regression","2026-06-06","passed","2026-06-06","ui.configuration.security.botnet.RoboCallsTest","Test","ui.configuration.security.botnet.RoboCallsTest","deleteRoboCall"
"","408","Verify Incomplete Calls configuration persists after refresh","UI Regression","2026-06-06","passed","2026-06-06","ui.configuration.security.monitors.IncompleteCallsTest","Test","ui.configuration.security.monitors.IncompleteCallsTest","shouldVerifyConfigPersistence"
"","410","Verify cancelling null user changes restores previous state","UI Regression","2026-06-06","broken","2026-06-06","ui.configuration.security.endDevices.MessageIntegrityTest","Test","ui.configuration.security.endDevices.MessageIntegrityTest","cancelNullUser"
"","761","Messages UI page load validation","UI Sanity","2026-06-06","passed","2026-06-06","sanity.visibility.statistics.StatisticsPagesTest","Test","sanity.visibility.statistics.StatisticsPagesTest","messagesUiPageLoadValidation"
"","2783","Global IP Range UI page load validation","UI Sanity","2026-06-06","passed","2026-06-06","sanity.configuration.groups.GroupPagesTest","Test","sanity.configuration.groups.GroupPagesTest","globalIPRangeUiPageLoadValidation"
"","1120","System Certificate UI page load validation","UI Sanity","2026-06-06","passed","2026-06-06","sanity.administration.certificates.CertificatePagesTest","Test","sanity.administration.certificates.CertificatePagesTest","systemCertificateUiPageLoadValidation"
"","824","Verify cancelling parser exception changes restores previous state","UI Regression","2026-06-06","passed","2026-06-06","ui.configuration.security.endDevices.MessageIntegrityTest","Test","ui.configuration.security.endDevices.MessageIntegrityTest","cancelParserException"
"","10964","Verify cancelling RTP Monitor configuration restores previous values","UI Regression","2026-06-06","broken","2026-06-06","ui.configuration.security.monitors.RTPMonitorTest","Test","ui.configuration.security.monitors.RTPMonitorTest","shouldCancelConfiguration"
"","479","Server Certificate UI page load validation","UI Sanity","2026-06-06","passed","2026-06-06","sanity.administration.certificates.tls.TLSCertificatePagesTest","Test","sanity.administration.certificates.tls.TLSCertificatePagesTest","serverCertificateUiPageLoadValidation"
"","674","Root Certificate Manager UI page load validation","UI Sanity","2026-06-06","passed","2026-06-06","sanity.administration.certificates.generator.GeneratorCertificatePagesTest","Test","sanity.administration.certificates.generator.GeneratorCertificatePagesTest","rootCertificateManagerUiPageLoadValidation"
"","335","Verify banned numbers are displayed in the table","UI Regression","2026-06-06","failed","2026-06-06","ui.configuration.security.banned.BannedNumbersTest","Test","ui.configuration.security.banned.BannedNumbersTest","verifyNumber"
"","246","Verify null user protection can be disabled successfully","UI Regression","2026-06-06","broken","2026-06-06","ui.configuration.security.endDevices.MessageIntegrityTest","Test","ui.configuration.security.endDevices.MessageIntegrityTest","disableNullUser"
"","2957","Black List UI page load validation","UI Sanity","2026-06-06","passed","2026-06-06","sanity.visibility.blacklist.BlackListPagesTest","Test","sanity.visibility.blacklist.BlackListPagesTest","blackListUiPageLoadValidation"
"","1847","Verify user can add alternate banned number successfully","UI Regression","2026-06-06","passed","2026-06-06","ui.configuration.security.banned.BannedNumbersTest","Test","ui.configuration.security.banned.BannedNumbersTest","addAltNumber"
"","2389","Device Integrity UI page load validation","UI Sanity","2026-06-06","passed","2026-06-06","sanity.configuration.security.enddevices.EndDevicePagesTest","Test","sanity.configuration.security.enddevices.EndDevicePagesTest","deviceIntegrityUiPageLoadValidation"
"","1173","Investigate Alerts Violations UI page load validation","UI Sanity","2026-06-06","passed","2026-06-06","sanity.visibility.alerts.AlertPagesTest","Test","sanity.visibility.alerts.AlertPagesTest","investigateAlertsViolationsUiPageLoadValidation"
"","2227","User UI page load validation","UI Sanity","2026-06-06","passed","2026-06-06","sanity.configuration.groups.GroupPagesTest","Test","sanity.configuration.groups.GroupPagesTest","userUiPageLoadValidation"
