"DESCRIPTION","DURATION IN MS","NAME","PARENT SUITE","START TIME","STATUS","STOP TIME","SUB SUITE","SUITE","TEST CLASS","TEST METHOD"
"","418","Wangiri Fraud UI page load validation","UI Sanity","2026-05-28","passed","2026-05-28","sanity.configuration.security.monitors.MonitorPagesTest","Test","sanity.configuration.security.monitors.MonitorPagesTest","wangiriFraudUiPageLoadValidation"
"","2184","IP Filters UI page load validation","UI Sanity","2026-05-28","passed","2026-05-28","sanity.configuration.system.filters.FilterPagesTest","Test","sanity.configuration.system.filters.FilterPagesTest","ipFiltersUiPageLoadValidation"
"","2604","Verify Error Rate rule creation can be cancelled successfully","UI Regression","2026-05-28","passed","2026-05-28","ui.configuration.security.ErrorRateTest","Test","ui.configuration.security.ErrorRateTest","cancelRule"
"","2140","Blacklisted Codecs UI page load validation","UI Sanity","2026-05-28","passed","2026-05-28","sanity.configuration.security.codecs.CodecPagesTest","Test","sanity.configuration.security.codecs.CodecPagesTest","blacklistedCodecsUiPageLoadValidation"
"","553","Country Calling Pattern UI page load validation","UI Sanity","2026-05-28","passed","2026-05-28","sanity.visibility.tollfraud.baseline.callvolume.CallVolumePagesTest","Test","sanity.visibility.tollfraud.baseline.callvolume.CallVolumePagesTest","countryCallingPatternUiPageLoadValidation"
"","2326","Manage Users UI page load validation","UI Sanity","2026-05-28","passed","2026-05-28","sanity.administration.usermanagement.UserManagementPagesTest","Test","sanity.administration.usermanagement.UserManagementPagesTest","manageUsersUiPageLoadValidation"
"","2008","Verify duplicate banned country validation message is displayed","UI Regression","2026-05-28","passed","2026-05-28","ui.configuration.security.banned.BannedCountriesTest","Test","ui.configuration.security.banned.BannedCountriesTest","addDuplicateCountry"
"","2217","SIP Error Code UI page load validation","UI Sanity","2026-05-28","passed","2026-05-28","sanity.configuration.groups.GroupPagesTest","Test","sanity.configuration.groups.GroupPagesTest","sipErrorCodeUiPageLoadValidation"
"","808","Verify Registration Fraud configuration can be updated successfully","UI Regression","2026-05-28","passed","2026-05-28","ui.configuration.security.monitors.RegistrationFraudTest","Test","ui.configuration.security.monitors.RegistrationFraudTest","shouldConfigureRegistrationFraud"
"","1260","Verify validation messages are displayed for empty Call Traffic fields","UI Regression","2026-05-28","passed","2026-05-28","ui.configuration.security.CallTrafficTest","Test","ui.configuration.security.CallTrafficTest","validateEmptyFields"
"","690","Verify validation error messages are displayed when Request Rate fields are left empty","UI Regression","2026-05-28","passed","2026-05-28","ui.configuration.security.monitors.dos.OptionRateMonitorTest","Test","ui.configuration.security.monitors.dos.OptionRateMonitorTest","shouldShowValidationErrorsForEmptyFields"
"","1636","Verify safelist user agent can be added successfully","UI Regression","2026-05-28","passed","2026-05-28","ui.configuration.security.safelist.SafelistUserAgentTest","Test","ui.configuration.security.safelist.SafelistUserAgentTest","addUserAgent"
"","2139","Ignored Registrations UI page load validation","UI Sanity","2026-05-28","passed","2026-05-28","sanity.administration.ignored.IgnoredPagesTest","Test","sanity.administration.ignored.IgnoredPagesTest","ignoredRegistrationsUiPageLoadValidation"
"","773","Verify Message Integrity configuration persists after page reload","UI Regression","2026-05-28","broken","2026-05-28","ui.configuration.security.endDevices.MessageIntegrityTest","Test","ui.configuration.security.endDevices.MessageIntegrityTest","persistAfterReload"
"","47211","Verify TDoS toggle can be enabled","UI Regression","2026-05-28","broken","2026-05-28","ui.configuration.security.monitors.dos.TDosTest","Test","ui.configuration.security.monitors.dos.TDosTest","shouldEnableTDos"
"","792","Verify user can enable Error Response Monitor and apply configuration successfully","UI Regression","2026-05-28","passed","2026-05-28","ui.configuration.security.monitors.spit.ErrorResponseAlertTest","Test","ui.configuration.security.monitors.spit.ErrorResponseAlertTest","shouldUpdateErrorResponseConfiguration"
"","629","Black List History UI page load validation","UI Sanity","2026-05-28","passed","2026-05-28","sanity.visibility.blacklist.BlackListPagesTest","Test","sanity.visibility.blacklist.BlackListPagesTest","blackListHistoryUiPageLoadValidation"
"","326","Verify banned numbers can be uploaded using CSV file","UI Regression","2026-05-28","passed","2026-05-28","ui.configuration.security.banned.BannedNumbersTest","Test","ui.configuration.security.banned.BannedNumbersTest","uploadCSV"
"","2173","Per IP Address Variance UI page load validation","UI Sanity","2026-05-28","passed","2026-05-28","sanity.configuration.tollfraud.baselinebased.variance.VariancePagesTest","Test","sanity.configuration.tollfraud.baselinebased.variance.VariancePagesTest","perIPAddressVarianceUiPageLoadValidation"
"","13247","Verify validation message is displayed when required fields are not provided","UI Regression","2026-05-28","broken","2026-05-28","ui.configuration.security.botnet.RoboCallsTest","Test","ui.configuration.security.botnet.RoboCallsTest","requiredFieldValidation"
"","1056","Verify default user agent can be deleted successfully","UI Regression","2026-05-28","passed","2026-05-28","ui.configuration.security.endDevices.DefaultUserAgentTest","Test","ui.configuration.security.endDevices.DefaultUserAgentTest","deleteUserAgent"
"","531","Server Calling Pattern UI page load validation","UI Sanity","2026-05-28","passed","2026-05-28","sanity.visibility.tollfraud.baseline.callvolume.CallVolumePagesTest","Test","sanity.visibility.tollfraud.baseline.callvolume.CallVolumePagesTest","serverCallingPatternUiPageLoadValidation"
"","444","Tap TLS Certificate UI page load validation","UI Sanity","2026-05-28","passed","2026-05-28","sanity.administration.certificates.tls.TLSCertificatePagesTest","Test","sanity.administration.certificates.tls.TLSCertificatePagesTest","tapTLSCertificateUiPageLoadValidation"
"","2311","Q850 Clear Code UI page load validation","UI Sanity","2026-05-28","passed","2026-05-28","sanity.configuration.groups.GroupPagesTest","Test","sanity.configuration.groups.GroupPagesTest","q850ClearCodeUiPageLoadValidation"
"","494","Auto Backup Restore UI page load validation","UI Sanity","2026-05-28","passed","2026-05-28","sanity.administration.maintenance.MaintenancePagesTest","Test","sanity.administration.maintenance.MaintenancePagesTest","autoBackupRestoreUiPageLoadValidation"
"","422","Blacklist Service UI page load validation","UI Sanity","2026-05-28","passed","2026-05-28","sanity.administration.maintenance.MaintenancePagesTest","Test","sanity.administration.maintenance.MaintenancePagesTest","blacklistServiceUiPageLoadValidation"
"","161","Verify null user protection can be disabled successfully","UI Regression","2026-05-28","broken","2026-05-28","ui.configuration.security.endDevices.MessageIntegrityTest","Test","ui.configuration.security.endDevices.MessageIntegrityTest","disableNullUser"
"","566","Verify validation errors are displayed when fields are empty","UI Regression","2026-05-28","passed","2026-05-28","ui.configuration.security.monitors.spit.ErrorResponseAlertTest","Test","ui.configuration.security.monitors.spit.ErrorResponseAlertTest","shouldShowValidationErrorsForEmptyFields"
"","1598","Verify alternate safelist user agent can be added successfully","UI Regression","2026-05-28","passed","2026-05-28","ui.configuration.security.safelist.SafelistUserAgentTest","Test","ui.configuration.security.safelist.SafelistUserAgentTest","addAltUserAgent"
"","583","Verify invalid Incomplete Calls values are rejected","UI Regression","2026-05-28","passed","2026-05-28","ui.configuration.security.monitors.IncompleteCallsTest","Test","ui.configuration.security.monitors.IncompleteCallsTest","shouldRejectInvalidValues"
"","134","Verify fields enabled and disabled when Auto Learn is enabled","UI Regression","2026-05-28","passed","2026-05-28","ui.configuration.security.monitors.FlashCallTest","Test","ui.configuration.security.monitors.FlashCallTest","shouldVerifyAutoLearnEnabledFields"
"","445","DE Register UI page load validation","UI Sanity","2026-05-28","passed","2026-05-28","sanity.configuration.security.monitors.dos.DosPagesTest","Test","sanity.configuration.security.monitors.dos.DosPagesTest","deRegisterUiPageLoadValidation"
"","433","SAML Config UI page load validation","UI Sanity","2026-05-28","passed","2026-05-28","sanity.configuration.access.authentication.AuthenticationPagesTest","Test","sanity.configuration.access.authentication.AuthenticationPagesTest","samlConfigUiPageLoadValidation"
"","1205","Call Cost Auto Upload UI page load validation","UI Sanity","2026-05-28","passed","2026-05-28","sanity.configuration.services.callcostrating.CallCostRatingPagesTest","Test","sanity.configuration.services.callcostrating.CallCostRatingPagesTest","callCostAutoUploadUiPageLoadValidation"
"","1569","Verify safelist number can be edited successfully","UI Regression","2026-05-28","passed","2026-05-28","ui.configuration.security.safelist.SafelistNumbersTest","Test","ui.configuration.security.safelist.SafelistNumbersTest","editNumber"
"","1368","Verify duplicate default user agent validation message is displayed","UI Regression","2026-05-28","passed","2026-05-28","ui.configuration.security.endDevices.DefaultUserAgentTest","Test","ui.configuration.security.endDevices.DefaultUserAgentTest","duplicateUserAgent"
"","1090","Verify safelist number can be deleted successfully","UI Regression","2026-05-28","passed","2026-05-28","ui.configuration.security.safelist.SafelistNumbersTest","Test","ui.configuration.security.safelist.SafelistNumbersTest","deleteNumber"
"","1437","Verify cancelled safelist IP is not added","UI Regression","2026-05-28","passed","2026-05-28","ui.configuration.security.safelist.SafelistIPTest","Test","ui.configuration.security.safelist.SafelistIPTest","cancelAddIP"
"","16059","Verify invalid malicious user agent search returns empty results","UI Regression","2026-05-28","broken","2026-05-28","ui.configuration.security.endDevices.MaliciousUserAgentTest","Test","ui.configuration.security.endDevices.MaliciousUserAgentTest","searchInvalidUserAgent"
"","49","Verify added Call Traffic rule is displayed correctly","UI Regression","2026-05-28","passed","2026-05-28","ui.configuration.security.CallTrafficTest","Test","ui.configuration.security.CallTrafficTest","verifyAddedRule"
"","695","STIR SHAKEN UI page load validation","UI Sanity","2026-05-28","passed","2026-05-28","sanity.administration.certificates.generator.GeneratorCertificatePagesTest","Test","sanity.administration.certificates.generator.GeneratorCertificatePagesTest","stirShakenUiPageLoadValidation"
"","2065","Verify user can add alternate banned IP address successfully","UI Regression","2026-05-28","passed","2026-05-28","ui.configuration.security.banned.BannedIPAddressTest","Test","ui.configuration.security.banned.BannedIPAddressTest","addAltIPAddress"
"","582","ASR Tracking UI page load validation","UI Sanity","2026-05-28","passed","2026-05-28","sanity.visibility.activity.ActivityPagesTest","Test","sanity.visibility.activity.ActivityPagesTest","asrTrackingUiPageLoadValidation"
"","3195","Verify Error Rate rule can be edited successfully","UI Regression","2026-05-28","passed","2026-05-28","ui.configuration.security.ErrorRateTest","Test","ui.configuration.security.ErrorRateTest","editRule"
"","2304","Specific Day Thresholds UI page load validation","UI Sanity","2026-05-28","passed","2026-05-28","sanity.configuration.tollfraud.baselinebased.BaselineBasedPagesTest","Test","sanity.configuration.tollfraud.baselinebased.BaselineBasedPagesTest","specificDayThresholdsUiPageLoadValidation"
"","44","Verify TDoS rule values are correctly stored in table","UI Regression","2026-05-28","passed","2026-05-28","ui.configuration.security.monitors.dos.TDosTest","Test","ui.configuration.security.monitors.dos.TDosTest","shouldVerifyConfigInTable"
"","613","AFI Stats UI page load validation","UI Sanity","2026-05-28","passed","2026-05-28","sanity.visibility.statistics.StatisticsPagesTest","Test","sanity.visibility.statistics.StatisticsPagesTest","afiStatsUiPageLoadValidation"
"","7476","Verify that cancelling the add RoboCall operation does not create a new entry","UI Regression","2026-05-28","passed","2026-05-28","ui.configuration.security.botnet.RoboCallsTest","Test","ui.configuration.security.botnet.RoboCallsTest","cancelAddRoboCall"
"","461","IP Group UI page load validation","UI Sanity","2026-05-28","passed","2026-05-28","sanity.visibility.statistics.networkgroup.NetworkGroupPagesTest","Test","sanity.visibility.statistics.networkgroup.NetworkGroupPagesTest","ipGroupUiPageLoadValidation"
"","2155","Network ACL UI page load validation","UI Sanity","2026-05-28","passed","2026-05-28","sanity.configuration.security.acl.ACLPagesTest","Test","sanity.configuration.security.acl.ACLPagesTest","networkACLUiPageLoadValidation"
"","545","Ignored Alerts Violation UI page load validation","UI Sanity","2026-05-28","passed","2026-05-28","sanity.administration.ignored.IgnoredPagesTest","Test","sanity.administration.ignored.IgnoredPagesTest","ignoredAlertsViolationUiPageLoadValidation"
"","408","Backup Restore UI page load validation","UI Sanity","2026-05-28","passed","2026-05-28","sanity.administration.maintenance.MaintenancePagesTest","Test","sanity.administration.maintenance.MaintenancePagesTest","backupRestoreUiPageLoadValidation"
"","2263","Malicious Media Session UI page load validation","UI Sanity","2026-05-28","passed","2026-05-28","sanity.configuration.basicsetup.BasicSetupPagesTest","Test","sanity.configuration.basicsetup.BasicSetupPagesTest","maliciousMediaSessionUiPageLoadValidation"
"","927","Verify tracking type can be updated successfully","UI Regression","2026-05-28","passed","2026-05-28","ui.configuration.security.monitors.IncompleteCallsTest","Test","ui.configuration.security.monitors.IncompleteCallsTest","shouldUpdateTrackingType"
"","405","Verify Wangiri Fraud configuration persists after refresh","UI Regression","2026-05-28","passed","2026-05-28","ui.configuration.security.monitors.WangiriFraudTest","Test","ui.configuration.security.monitors.WangiriFraudTest","shouldVerifyConfigurationPersistence"
"","1086","Verify Wangiri Fraud configuration can be updated successfully","UI Regression","2026-05-28","passed","2026-05-28","ui.configuration.security.monitors.WangiriFraudTest","Test","ui.configuration.security.monitors.WangiriFraudTest","shouldConfigureWangiriFraud"
"","62","Verify Wangiri Fraud monitoring can be enabled successfully","UI Regression","2026-05-28","passed","2026-05-28","ui.configuration.security.monitors.WangiriFraudTest","Test","ui.configuration.security.monitors.WangiriFraudTest","shouldEnableWangiriFraud"
"","46755","Verify validation message is displayed for empty user agent fields","UI Regression","2026-05-28","broken","2026-05-28","ui.configuration.security.safelist.SafelistUserAgentTest","Test","ui.configuration.security.safelist.SafelistUserAgentTest","emptyValidation"
"","442","Flash Call UI page load validation","UI Sanity","2026-05-28","passed","2026-05-28","sanity.configuration.security.monitors.MonitorPagesTest","Test","sanity.configuration.security.monitors.MonitorPagesTest","flashCallUiPageLoadValidation"
"","544","User Calling Pattern UI page load validation","UI Sanity","2026-05-28","passed","2026-05-28","sanity.visibility.tollfraud.baseline.callvolume.CallVolumePagesTest","Test","sanity.visibility.tollfraud.baseline.callvolume.CallVolumePagesTest","userCallingPatternUiPageLoadValidation"
"","389","Risk Score Classification UI page load validation","UI Sanity","2026-05-28","passed","2026-05-28","sanity.configuration.tollfraud.riskscore.RiskScorePagesTest","Test","sanity.configuration.tollfraud.riskscore.RiskScorePagesTest","riskScoreClassificationUiPageLoadValidation"
"","607","Verify War Dialing configuration persists after refresh","UI Regression","2026-05-28","passed","2026-05-28","ui.configuration.security.monitors.WarDialingTest","Test","ui.configuration.security.monitors.WarDialingTest","shouldVerifyConfigurationPersistence"
"","1469","Verify Flash Call configuration without Auto Learn persists after refresh","UI Regression","2026-05-28","passed","2026-05-28","ui.configuration.security.monitors.FlashCallTest","Test","ui.configuration.security.monitors.FlashCallTest","shouldConfigureFlashCallWithoutAutoLearn"
"","590","Verify alternate Wangiri Fraud values can be configured successfully","UI Regression","2026-05-28","passed","2026-05-28","ui.configuration.security.monitors.WangiriFraudTest","Test","ui.configuration.security.monitors.WangiriFraudTest","shouldConfigureAlternateValues"
"","3145","Verify that the RoboCalls page refresh button reloads the page without breaking functionality","UI Regression","2026-05-28","passed","2026-05-28","ui.configuration.security.botnet.RoboCallsTest","Test","ui.configuration.security.botnet.RoboCallsTest","refreshRoboCallsPage"
"","1088","Verify International Destinations configuration can be updated successfully","UI Regression","2026-05-28","passed","2026-05-28","ui.configuration.security.monitors.InternationalDestinationsTest","Test","ui.configuration.security.monitors.InternationalDestinationsTest","shouldConfigureInternationalDestinations"
"","474","Learned Codecs UI page load validation","UI Sanity","2026-05-28","passed","2026-05-28","sanity.configuration.security.codecs.CodecPagesTest","Test","sanity.configuration.security.codecs.CodecPagesTest","learnedCodecsUiPageLoadValidation"
"","635","Verify validation errors are displayed for invalid DERegister values","UI Regression","2026-05-28","passed","2026-05-28","ui.configuration.security.monitors.dos.DERegisterRateTest","Test","ui.configuration.security.monitors.dos.DERegisterRateTest","shouldShowErrorsForInvalidDERegisterFields"
"","50","Verify PAssert Rate Monitoring graph is displayed on the dashboard","UI Regression","2026-05-28","passed","2026-05-28","ui.configuration.security.monitors.dos.PAssertRateMonitorTest","Test","ui.configuration.security.monitors.dos.PAssertRateMonitorTest","shouldDisplayMonitoringGraph"
"","886","Toll Fraud History UI page load validation","UI Sanity","2026-05-28","passed","2026-05-28","sanity.visibility.tollfraud.TollFraudPagesTest","Test","sanity.visibility.tollfraud.TollFraudPagesTest","tollFraudHistoryUiPageLoadValidation"
"","613","Investigate Alerts Violations UI page load validation","UI Sanity","2026-05-28","passed","2026-05-28","sanity.visibility.alerts.AlertPagesTest","Test","sanity.visibility.alerts.AlertPagesTest","investigateAlertsViolationsUiPageLoadValidation"
"","703","Verify validation error messages are displayed when PAssert Rate fields are left empty","UI Regression","2026-05-28","passed","2026-05-28","ui.configuration.security.monitors.dos.PAssertRateMonitorTest","Test","ui.configuration.security.monitors.dos.PAssertRateMonitorTest","shouldShowValidationErrorsForEmptyFields"
"","1010","Verify all banned numbers can be deleted successfully","UI Regression","2026-05-28","passed","2026-05-28","ui.configuration.security.banned.BannedNumbersTest","Test","ui.configuration.security.banned.BannedNumbersTest","deleteAll"
"","2104","Internal Networks UI page load validation","UI Sanity","2026-05-28","passed","2026-05-28","sanity.configuration.basicsetup.BasicSetupPagesTest","Test","sanity.configuration.basicsetup.BasicSetupPagesTest","internalNetworksUiPageLoadValidation"
"","568","User Financial Calling Pattern UI page load validation","UI Sanity","2026-05-28","passed","2026-05-28","sanity.visibility.tollfraud.baseline.callcost.CallCostPagesTest","Test","sanity.visibility.tollfraud.baseline.callcost.CallCostPagesTest","userFinancialCallingPatternUiPageLoadValidation"
"","1670","Verify user can add a TDoS tracking rule","UI Regression","2026-05-28","passed","2026-05-28","ui.configuration.security.monitors.dos.TDosTest","Test","ui.configuration.security.monitors.dos.TDosTest","shouldAddTDosRule"
"","2252","UC Application ACL UI page load validation","UI Sanity","2026-05-28","passed","2026-05-28","sanity.configuration.security.SecurityPagesTest","Test","sanity.configuration.security.SecurityPagesTest","ucApplicationACLUiPageLoadValidation"
"","990","Verify user can enable Call Duration Monitor and apply configuration","UI Regression","2026-05-28","passed","2026-05-28","ui.configuration.security.monitors.spit.CallDurationAlertTest","Test","ui.configuration.security.monitors.spit.CallDurationAlertTest","shouldUpdateCallDurationConfiguration"
"","4725","Verify that RoboCall entries can be uploaded via CSV file and appear correctly in the table","UI Regression","2026-05-28","broken","2026-05-28","ui.configuration.security.botnet.RoboCallsTest","Test","ui.configuration.security.botnet.RoboCallsTest","uploadCSV"
"","502","Reports Download UI page load validation","UI Sanity","2026-05-28","passed","2026-05-28","sanity.report.ReportPagesTest","Test","sanity.report.ReportPagesTest","reportsDownloadUiPageLoadValidation"
"","2142","IRSF Monitor UI page load validation","UI Sanity","2026-05-28","passed","2026-05-28","sanity.configuration.policies.PolicyPagesTest","Test","sanity.configuration.policies.PolicyPagesTest","irsfMonitorUiPageLoadValidation"
"","73","Verify multiple banned countries are displayed in the table","UI Regression","2026-05-28","passed","2026-05-28","ui.configuration.security.banned.BannedCountriesTest","Test","ui.configuration.security.banned.BannedCountriesTest","verifyMultipleCountryRule"
"","723","Messages UI page load validation","UI Sanity","2026-05-28","passed","2026-05-28","sanity.visibility.statistics.StatisticsPagesTest","Test","sanity.visibility.statistics.StatisticsPagesTest","messagesUiPageLoadValidation"
"","2489","Static Baseline Policies UI page load validation","UI Sanity","2026-05-28","passed","2026-05-28","sanity.configuration.tollfraud.baselinebased.BaselineBasedPagesTest","Test","sanity.configuration.tollfraud.baselinebased.BaselineBasedPagesTest","staticBaselinePoliciesUiPageLoadValidation"
"","298","Verify Call Traffic Tracking can be enabled successfully","UI Regression","2026-05-28","passed","2026-05-28","ui.configuration.security.CallTrafficTest","Test","ui.configuration.security.CallTrafficTest","enableAndVerifyToggle"
"","6579","Verify enabling and disabling of RoboCalls global toggle","UI Regression","2026-05-28","passed","2026-05-28","ui.configuration.security.botnet.RoboCallsTest","Test","ui.configuration.security.botnet.RoboCallsTest","toggleEnable"
"","1426","Verify War Dialing originating type can be updated successfully","UI Regression","2026-05-28","passed","2026-05-28","ui.configuration.security.monitors.WarDialingTest","Test","ui.configuration.security.monitors.WarDialingTest","shouldUpdateOriginatingType"
"","2242","Web Blacklist UI page load validation","UI Sanity","2026-05-28","passed","2026-05-28","sanity.configuration.security.botnet.BotnetPagesTest","Test","sanity.configuration.security.botnet.BotnetPagesTest","webBlacklistUiPageLoadValidation"
"","357","Verify Registration Fraud monitoring can be enabled successfully","UI Regression","2026-05-28","passed","2026-05-28","ui.configuration.security.monitors.RegistrationFraudTest","Test","ui.configuration.security.monitors.RegistrationFraudTest","shouldEnableRegistrationFraud"
"","409","Radius UI page load validation","UI Sanity","2026-05-28","passed","2026-05-28","sanity.configuration.access.authentication.AuthenticationPagesTest","Test","sanity.configuration.access.authentication.AuthenticationPagesTest","radiusUiPageLoadValidation"
"","72","Verify added safelist IP addresses are displayed in table","UI Regression","2026-05-28","passed","2026-05-28","ui.configuration.security.safelist.SafelistIPTest","Test","ui.configuration.security.safelist.SafelistIPTest","verifyIP"
"","2129","UC Clients UI page load validation","UI Sanity","2026-05-28","passed","2026-05-28","sanity.configuration.basicsetup.BasicSetupPagesTest","Test","sanity.configuration.basicsetup.BasicSetupPagesTest","ucClientsUiPageLoadValidation"
"","1566","Verify cancelled IP address entry is not saved","UI Regression","2026-05-28","passed","2026-05-28","ui.configuration.security.banned.BannedIPAddressTest","Test","ui.configuration.security.banned.BannedIPAddressTest","cancelAdd"
"","924","Active Calls Map UI page load validation","UI Sanity","2026-05-28","passed","2026-05-28","sanity.dashboard.DashboardPagesTest","Test","sanity.dashboard.DashboardPagesTest","activeCallsMapUiPageLoadValidation"
"","2253","Banned IP Address UI page load validation","UI Sanity","2026-05-28","passed","2026-05-28","sanity.configuration.security.banned.BannedPagesTest","Test","sanity.configuration.security.banned.BannedPagesTest","bannedIPAddressUiPageLoadValidation"
"","940","Verify all banned countries can be deleted successfully","UI Regression","2026-05-28","passed","2026-05-28","ui.configuration.security.banned.BannedCountriesTest","Test","ui.configuration.security.banned.BannedCountriesTest","deleteAll"
"","1662","AFI(Advanced Fraud Interdicition) UI page load validation","UI Sanity","2026-05-28","passed","2026-05-28","sanity.configuration.services.ServicesPagesTest","Test","sanity.configuration.services.ServicesPagesTest","afiUiPageLoadValidation"
"","222","Verify Flash Call configuration can be enabled successfully","UI Regression","2026-05-28","passed","2026-05-28","ui.configuration.security.monitors.FlashCallTest","Test","ui.configuration.security.monitors.FlashCallTest","shouldEnableFlashCall"
"","1131","Verify PAssert Rate Monitor configuration persists after page refresh using alternative values","UI Regression","2026-05-28","passed","2026-05-28","ui.configuration.security.monitors.dos.PAssertRateMonitorTest","Test","ui.configuration.security.monitors.dos.PAssertRateMonitorTest","shouldPersistConfigurationAfterRefresh"
"","962","Verify all banned IP addresses can be deleted successfully","UI Regression","2026-05-28","passed","2026-05-28","ui.configuration.security.banned.BannedIPAddressTest","Test","ui.configuration.security.banned.BannedIPAddressTest","deleteAll"
"","1768","Verify duplicate safelist IP cannot be added","UI Regression","2026-05-28","passed","2026-05-28","ui.configuration.security.safelist.SafelistIPTest","Test","ui.configuration.security.safelist.SafelistIPTest","addDuplicateIP"
"","2068","Verify user can add alternate banned number successfully","UI Regression","2026-05-28","passed","2026-05-28","ui.configuration.security.banned.BannedNumbersTest","Test","ui.configuration.security.banned.BannedNumbersTest","addAltNumber"
"","683","STIR SHAKEN Dashboard UI page load validation","UI Sanity","2026-05-28","passed","2026-05-28","sanity.dashboard.DashboardPagesTest","Test","sanity.dashboard.DashboardPagesTest","stirShakenDashboardUiPageLoadValidation"
"","488","Verify validation errors are displayed for empty Registration Fraud fields","UI Regression","2026-05-28","passed","2026-05-28","ui.configuration.security.monitors.RegistrationFraudTest","Test","ui.configuration.security.monitors.RegistrationFraudTest","shouldShowValidationErrorsForEmptyField"
"","424","Verify validation error when Session Limit is empty","UI Regression","2026-05-28","passed","2026-05-28","ui.configuration.security.monitors.spit.SimultaneousSessionAlertTest","Test","ui.configuration.security.monitors.spit.SimultaneousSessionAlertTest","shouldShowValidationErrorForEmptySessionLimit"
"","3707","Verify duplicate and new countries are handled correctly","UI Regression","2026-05-28","failed","2026-05-28","ui.configuration.security.banned.BannedCountriesTest","Test","ui.configuration.security.banned.BannedCountriesTest","addMixedDuplicateAndNewCountry"
"","2195","Per User Variance UI page load validation","UI Sanity","2026-05-28","passed","2026-05-28","sanity.configuration.tollfraud.baselinebased.variance.VariancePagesTest","Test","sanity.configuration.tollfraud.baselinebased.variance.VariancePagesTest","perUserVarianceUiPageLoadValidation"
"","401","Interoperability UI page load validation","UI Sanity","2026-05-28","passed","2026-05-28","sanity.configuration.basicsetup.BasicSetupPagesTest","Test","sanity.configuration.basicsetup.BasicSetupPagesTest","interoperabilityUiPageLoadValidation"
"","551","Vishing History UI page load validation","UI Sanity","2026-05-28","passed","2026-05-28","sanity.visibility.history.HistoryPagesTest","Test","sanity.visibility.history.HistoryPagesTest","vishingHistoryUiPageLoadValidation"
"","416","GUI Session Timeout UI page load validation","UI Sanity","2026-05-28","passed","2026-05-28","sanity.configuration.access.management.ManagementPagesTest","Test","sanity.configuration.access.management.ManagementPagesTest","guiSessionTimeoutUiPageLoadValidation"
"","2213","Bridge Monitor UI page load validation","UI Sanity","2026-05-28","passed","2026-05-28","sanity.configuration.groups.GroupPagesTest","Test","sanity.configuration.groups.GroupPagesTest","bridgeMonitorUiPageLoadValidation"
"","640","Signature Update UI page load validation","UI Sanity","2026-05-28","passed","2026-05-28","sanity.administration.maintenance.MaintenancePagesTest","Test","sanity.administration.maintenance.MaintenancePagesTest","signatureUpdateUiPageLoadValidation"
"","403","Factory Defaults UI page load validation","UI Sanity","2026-05-28","passed","2026-05-28","sanity.administration.maintenance.MaintenancePagesTest","Test","sanity.administration.maintenance.MaintenancePagesTest","factoryDefaultsUiPageLoadValidation"
"","618","Verify session limit persists after page refresh","UI Regression","2026-05-28","passed","2026-05-28","ui.configuration.security.monitors.spit.SimultaneousSessionAlertTest","Test","ui.configuration.security.monitors.spit.SimultaneousSessionAlertTest","shouldPersistSessionLimitAfterRefresh"
"","402","Root Certificate Manager UI page load validation","UI Sanity","2026-05-28","passed","2026-05-28","sanity.administration.certificates.generator.GeneratorCertificatePagesTest","Test","sanity.administration.certificates.generator.GeneratorCertificatePagesTest","rootCertificateManagerUiPageLoadValidation"
"","1138","Verify Request Rate Monitor configuration persists after page refresh using alternative values","UI Regression","2026-05-28","passed","2026-05-28","ui.configuration.security.monitors.dos.RequestRateAlertTest","Test","ui.configuration.security.monitors.dos.RequestRateAlertTest","shouldPersistConfigurationAfterRefresh"
"","1878","Verify alternate safelist IP can be added successfully","UI Regression","2026-05-28","passed","2026-05-28","ui.configuration.security.safelist.SafelistIPTest","Test","ui.configuration.security.safelist.SafelistIPTest","addAltIP"
"","1062","Global Search UI page load validation","UI Sanity","2026-05-28","passed","2026-05-28","sanity.visibility.VisibilityPagesTest","Test","sanity.visibility.VisibilityPagesTest","globalSearchUiPageLoadValidation"
"","10703","Verify rule deletion from TDoS table","UI Regression","2026-05-28","passed","2026-05-28","ui.configuration.security.monitors.dos.TDosTest","Test","ui.configuration.security.monitors.dos.TDosTest","shouldDeleteRule"
"","625","Verify parser exception protection can be disabled successfully","UI Regression","2026-05-28","passed","2026-05-28","ui.configuration.security.endDevices.MessageIntegrityTest","Test","ui.configuration.security.endDevices.MessageIntegrityTest","disableParserException"
"","15327","Verify banned countries report can be exported successfully","UI Regression","2026-05-28","failed","2026-05-28","ui.configuration.security.banned.BannedCountriesTest","Test","ui.configuration.security.banned.BannedCountriesTest","exportCSVTest"
"","2217","Risk Score UI page load validation","UI Sanity","2026-05-28","passed","2026-05-28","sanity.configuration.tollfraud.riskscore.RiskScorePagesTest","Test","sanity.configuration.tollfraud.riskscore.RiskScorePagesTest","riskScoreUiPageLoadValidation"
"","447","User Group UI page load validation","UI Sanity","2026-05-28","passed","2026-05-28","sanity.visibility.statistics.networkgroup.NetworkGroupPagesTest","Test","sanity.visibility.statistics.networkgroup.NetworkGroupPagesTest","userGroupUiPageLoadValidation"
"","1587","Verify validation messages are displayed for empty Error Rate fields","UI Regression","2026-05-28","passed","2026-05-28","ui.configuration.security.ErrorRateTest","Test","ui.configuration.security.ErrorRateTest","validationTest"
"","2016","GUI UI page load validation","UI Sanity","2026-05-28","passed","2026-05-28","sanity.configuration.access.management.ManagementPagesTest","Test","sanity.configuration.access.management.ManagementPagesTest","guiUiPageLoadValidation"
"","474","Dial Call Format UI page load validation","UI Sanity","2026-05-28","passed","2026-05-28","sanity.configuration.basicsetup.BasicSetupPagesTest","Test","sanity.configuration.basicsetup.BasicSetupPagesTest","dialCallFormatUiPageLoadValidation"
"","681","Verify user can configure Incomplete Calls monitoring successfully","UI Regression","2026-05-28","passed","2026-05-28","ui.configuration.security.monitors.IncompleteCallsTest","Test","ui.configuration.security.monitors.IncompleteCallsTest","shouldConfigureIncompleteCalls"
"","871","Verify DERegister Rate Monitor configuration persists after refresh","UI Regression","2026-05-28","passed","2026-05-28","ui.configuration.security.monitors.dos.DERegisterRateTest","Test","ui.configuration.security.monitors.dos.DERegisterRateTest","shouldPersistDERegisterAfterRefresh"
"","299","Verify cancelling null user changes restores previous state","UI Regression","2026-05-28","broken","2026-05-28","ui.configuration.security.endDevices.MessageIntegrityTest","Test","ui.configuration.security.endDevices.MessageIntegrityTest","cancelNullUser"
"","2301","Network Groups UI page load validation","UI Sanity","2026-05-28","passed","2026-05-28","sanity.configuration.groups.GroupPagesTest","Test","sanity.configuration.groups.GroupPagesTest","networkUiPageLoadValidation"
"","848","Verify user can enable and update DERegister Rate Monitor configuration","UI Regression","2026-05-28","passed","2026-05-28","ui.configuration.security.monitors.dos.DERegisterRateTest","Test","ui.configuration.security.monitors.dos.DERegisterRateTest","shouldUpdateDERegisterConfiguration"
"","2084","New Country Call UI page load validation","UI Sanity","2026-05-28","passed","2026-05-28","sanity.configuration.policies.PolicyPagesTest","Test","sanity.configuration.policies.PolicyPagesTest","newCountryCallUiPageLoadValidation"
"","385","Default Variance UI page load validation","UI Sanity","2026-05-28","passed","2026-05-28","sanity.configuration.tollfraud.baselinebased.variance.VariancePagesTest","Test","sanity.configuration.tollfraud.baselinebased.variance.VariancePagesTest","defaultVarianceUiPageLoadValidation"
"","402","Global Threats UI page load validation","UI Sanity","2026-05-28","passed","2026-05-28","sanity.configuration.access.externalservices.ExternalServicesPagesTest","Test","sanity.configuration.access.externalservices.ExternalServicesPagesTest","globalThreatsUiPageLoadValidation"
"","2108","Safelist Numbers UI page load validation","UI Sanity","2026-05-28","passed","2026-05-28","sanity.configuration.security.safelist.SafelistPagesTest","Test","sanity.configuration.security.safelist.SafelistPagesTest","safelistNumbersUiPageLoadValidation"
"","3034","Verify Error Rate rule can be added successfully","UI Regression","2026-05-28","passed","2026-05-28","ui.configuration.security.ErrorRateTest","Test","ui.configuration.security.ErrorRateTest","addRule"
"","879","Verify banned IP addresses can be uploaded using CSV file","UI Regression","2026-05-28","passed","2026-05-28","ui.configuration.security.banned.BannedIPAddressTest","Test","ui.configuration.security.banned.BannedIPAddressTest","uploadCSV"
"","558","Register Messages UI page load validation","UI Sanity","2026-05-28","passed","2026-05-28","sanity.visibility.messages.MessagePagesTest","Test","sanity.visibility.messages.MessagePagesTest","registerMessagesUiPageLoadValidation"
"","2186","Network Filters UI page load validation","UI Sanity","2026-05-28","passed","2026-05-28","sanity.configuration.system.filters.FilterPagesTest","Test","sanity.configuration.system.filters.FilterPagesTest","networkFiltersUiPageLoadValidation"
"","2114","DB Access UI page load validation","UI Sanity","2026-05-28","passed","2026-05-28","sanity.configuration.access.management.ManagementPagesTest","Test","sanity.configuration.access.management.ManagementPagesTest","dbAccessUiPageLoadValidation"
"","459","CRL Request UI page load validation","UI Sanity","2026-05-28","passed","2026-05-28","sanity.administration.certificates.generator.GeneratorCertificatePagesTest","Test","sanity.administration.certificates.generator.GeneratorCertificatePagesTest","crlRequestUiPageLoadValidation"
"","434","PCAP Remote Backup UI page load validation","UI Sanity","2026-05-28","passed","2026-05-28","sanity.configuration.services.recording.RecordingPagesTest","Test","sanity.configuration.services.recording.RecordingPagesTest","pcapRemoteBackupUiPageLoadValidation"
"","495","Verify validation error messages are displayed when Request Rate fields are left empty","UI Regression","2026-05-28","passed","2026-05-28","ui.configuration.security.monitors.dos.UnSubscribeRateTest","Test","ui.configuration.security.monitors.dos.UnSubscribeRateTest","shouldShowValidationErrorsForEmptyFields"
"","506","Baseline UI page load validation","UI Sanity","2026-05-28","passed","2026-05-28","sanity.configuration.tollfraud.baselinebased.BaselineBasedPagesTest","Test","sanity.configuration.tollfraud.baselinebased.BaselineBasedPagesTest","baselineUiPageLoadValidation"
"","2111","UC Voice Mail UI page load validation","UI Sanity","2026-05-28","passed","2026-05-28","sanity.configuration.services.ucservices.UCServicesPagesTest","Test","sanity.configuration.services.ucservices.UCServicesPagesTest","ucVoiceMailUiPageLoadValidation"
"","1889","Verify user can add a banned IP address successfully","UI Regression","2026-05-28","passed","2026-05-28","ui.configuration.security.banned.BannedIPAddressTest","Test","ui.configuration.security.banned.BannedIPAddressTest","addIPAddress"
"","67","Verify RTP Monitor can be enabled successfully","UI Regression","2026-05-28","passed","2026-05-28","ui.configuration.security.monitors.RTPMonitorTest","Test","ui.configuration.security.monitors.RTPMonitorTest","shouldEnableRTPMonitor"
"","439","Server Certificate UI page load validation","UI Sanity","2026-05-28","passed","2026-05-28","sanity.administration.certificates.tls.TLSCertificatePagesTest","Test","sanity.administration.certificates.tls.TLSCertificatePagesTest","serverCertificateUiPageLoadValidation"
"","2270","Call Rate Rule UI page load validation","UI Sanity","2026-05-28","passed","2026-05-28","sanity.configuration.policies.PolicyPagesTest","Test","sanity.configuration.policies.PolicyPagesTest","callRateRuleUiPageLoadValidation"
"","45039","Geolocation UI page load validation","UI Sanity","2026-05-28","passed","2026-05-28","sanity.configuration.access.externalservices.ExternalServicesPagesTest","Test","sanity.configuration.access.externalservices.ExternalServicesPagesTest","geolocationUiPageLoadValidation"
"","660","Verify Call Traffic rule creation can be cancelled successfully","UI Regression","2026-05-28","passed","2026-05-28","ui.configuration.security.CallTrafficTest","Test","ui.configuration.security.CallTrafficTest","cancelRule"
"","903","Verify International Destinations call direction can be updated successfully","UI Regression","2026-05-28","passed","2026-05-28","ui.configuration.security.monitors.InternationalDestinationsTest","Test","ui.configuration.security.monitors.InternationalDestinationsTest","shouldUpdateCallDirection"
"","2263","Regional UI page load validation","UI Sanity","2026-05-28","passed","2026-05-28","sanity.configuration.groups.GroupPagesTest","Test","sanity.configuration.groups.GroupPagesTest","regionalUiPageLoadValidation"
"","575","Verify invalid Wangiri Fraud values are rejected","UI Regression","2026-05-28","passed","2026-05-28","ui.configuration.security.monitors.WangiriFraudTest","Test","ui.configuration.security.monitors.WangiriFraudTest","shouldRejectInvalidValues"
"","36751","System Config UI page load validation","UI Sanity","2026-05-28","passed","2026-05-28","sanity.configuration.system.SystemPagesTest","Test","sanity.configuration.system.SystemPagesTest","systemConfigUiPageLoadValidation"
"","6300","System Stats UI page load validation","UI Sanity","2026-05-28","passed","2026-05-28","sanity.visibility.statistics.StatisticsPagesTest","Test","sanity.visibility.statistics.StatisticsPagesTest","systemStatsUiPageLoadValidation"
"","1174","Verify cancelling malicious user agent creation does not save the entry","UI Regression","2026-05-28","passed","2026-05-28","ui.configuration.security.endDevices.MaliciousUserAgentTest","Test","ui.configuration.security.endDevices.MaliciousUserAgentTest","cancelAdd"
"","385","Error Response UI page load validation","UI Sanity","2026-05-28","passed","2026-05-28","sanity.configuration.security.monitors.spit.SpitPagesTest","Test","sanity.configuration.security.monitors.spit.SpitPagesTest","errorResponseUiPageLoadValidation"
"","2046","Authentication Policy UI page load validation","UI Sanity","2026-05-28","passed","2026-05-28","sanity.configuration.groups.GroupPagesTest","Test","sanity.configuration.groups.GroupPagesTest","authenticationPolicyUiPageLoadValidation"
"","452","Verify parser exception protection can be enabled successfully","UI Regression","2026-05-28","passed","2026-05-28","ui.configuration.security.endDevices.MessageIntegrityTest","Test","ui.configuration.security.endDevices.MessageIntegrityTest","enableParserException"
"","2277","Destination Call Rate UI page load validation","UI Sanity","2026-05-28","passed","2026-05-28","sanity.configuration.policies.PolicyPagesTest","Test","sanity.configuration.policies.PolicyPagesTest","destinationCallRateUiPageLoadValidation"
"","2296","Holiday Config UI page load validation","UI Sanity","2026-05-28","passed","2026-05-28","sanity.configuration.groups.GroupPagesTest","Test","sanity.configuration.groups.GroupPagesTest","holidayConfigUiPageLoadValidation"
"","1464","Verify cancelled banned country is not saved","UI Regression","2026-05-28","passed","2026-05-28","ui.configuration.security.banned.BannedCountriesTest","Test","ui.configuration.security.banned.BannedCountriesTest","cancelAdd"
"","1133","Verify War Dialing configuration can be updated successfully","UI Regression","2026-05-28","passed","2026-05-28","ui.configuration.security.monitors.WarDialingTest","Test","ui.configuration.security.monitors.WarDialingTest","shouldConfigureWarDialing"
"","2088","Device Integrity UI page load validation","UI Sanity","2026-05-28","passed","2026-05-28","sanity.configuration.security.enddevices.EndDevicePagesTest","Test","sanity.configuration.security.enddevices.EndDevicePagesTest","deviceIntegrityUiPageLoadValidation"
"","2271","DNO Numbers UI page load validation","UI Sanity","2026-05-28","passed","2026-05-28","sanity.configuration.security.dno.DnoPagesTest","Test","sanity.configuration.security.dno.DnoPagesTest","dnoNumbersUiPageLoadValidation"
"","5235","Signature Alerts Severity UI page load validation","UI Sanity","2026-05-28","passed","2026-05-28","sanity.configuration.basicsetup.alertSeverity.AlertSeverityPagesTest","Test","sanity.configuration.basicsetup.alertSeverity.AlertSeverityPagesTest","signatureAlertsSeverityUiPageLoadValidation"
"","1255","Verify validation message is displayed when user agent name is empty","UI Regression","2026-05-28","passed","2026-05-28","ui.configuration.security.endDevices.DefaultUserAgentTest","Test","ui.configuration.security.endDevices.DefaultUserAgentTest","addEmptyValidation"
"","1098","Verify all safelist user agents can be deleted successfully","UI Regression","2026-05-28","passed","2026-05-28","ui.configuration.security.safelist.SafelistUserAgentTest","Test","ui.configuration.security.safelist.SafelistUserAgentTest","deleteAll"
"","423","AFI Rest Certificate UI page load validation","UI Sanity","2026-05-28","passed","2026-05-28","sanity.administration.certificates.CertificatePagesTest","Test","sanity.administration.certificates.CertificatePagesTest","afiRestCertificateUiPageLoadValidation"
"","906","Verify alternate Incomplete Calls values can be configured successfully","UI Regression","2026-05-28","passed","2026-05-28","ui.configuration.security.monitors.IncompleteCallsTest","Test","ui.configuration.security.monitors.IncompleteCallsTest","shouldConfigureAlternateValues"
"","2675","Verify Call Traffic rule can be edited successfully","UI Regression","2026-05-28","passed","2026-05-28","ui.configuration.security.CallTrafficTest","Test","ui.configuration.security.CallTrafficTest","editRule"
"","57","Verify edited Error Rate rule is displayed correctly","UI Regression","2026-05-28","passed","2026-05-28","ui.configuration.security.ErrorRateTest","Test","ui.configuration.security.ErrorRateTest","verifyEditedRule"
"","882","Verify user can enable Option Rate Monitor, configure threshold values, and apply the configuration successfully","UI Regression","2026-05-28","passed","2026-05-28","ui.configuration.security.monitors.dos.OptionRateMonitorTest","Test","ui.configuration.security.monitors.dos.OptionRateMonitorTest","shouldUpdateOptionRateConfiguration"
"","1033","Verify safelist user agent can be deleted successfully","UI Regression","2026-05-28","passed","2026-05-28","ui.configuration.security.safelist.SafelistUserAgentTest","Test","ui.configuration.security.safelist.SafelistUserAgentTest","deleteUserAgent"
"","1054","Verify malicious user agent can be deleted successfully","UI Regression","2026-05-28","passed","2026-05-28","ui.configuration.security.endDevices.MaliciousUserAgentTest","Test","ui.configuration.security.endDevices.MaliciousUserAgentTest","deleteUserAgent"
"","72","Verify added safelist number is displayed in table","UI Regression","2026-05-28","passed","2026-05-28","ui.configuration.security.safelist.SafelistNumbersTest","Test","ui.configuration.security.safelist.SafelistNumbersTest","verifyNumber"
"","29","Verify Incomplete Calls monitoring can be enabled successfully","UI Regression","2026-05-28","passed","2026-05-28","ui.configuration.security.monitors.IncompleteCallsTest","Test","ui.configuration.security.monitors.IncompleteCallsTest","shouldEnableIncompleteCalls"
"","631","Country Financial Calling Pattern UI page load validation","UI Sanity","2026-05-28","passed","2026-05-28","sanity.visibility.tollfraud.baseline.callcost.CallCostPagesTest","Test","sanity.visibility.tollfraud.baseline.callcost.CallCostPagesTest","countryFinancialCallingPatternUiPageLoadValidation"
"","712","AFI History UI page load validation","UI Sanity","2026-05-28","passed","2026-05-28","sanity.visibility.history.HistoryPagesTest","Test","sanity.visibility.history.HistoryPagesTest","afiHistoryUiPageLoadValidation"
"","10642","Verify Call Traffic rule can be deleted successfully","UI Regression","2026-05-28","passed","2026-05-28","ui.configuration.security.CallTrafficTest","Test","ui.configuration.security.CallTrafficTest","deleteRule"
"","599","Destination IP Based Alerts UI page load validation","UI Sanity","2026-05-28","passed","2026-05-28","sanity.visibility.alerts.alertfilters.AlertFilterPagesTest","Test","sanity.visibility.alerts.alertfilters.AlertFilterPagesTest","destinationIPBasedAlertsUiPageLoadValidation"
"","1889","Verify successful login with valid credentials","UI Regression","2026-05-28","passed","2026-05-28","ui.login.CTMLoginTest","Test","ui.login.CTMLoginTest","verifySuccessfulLogin"
"","51","Verify SQL Injection monitoring can be enabled successfully","UI Regression","2026-05-28","passed","2026-05-28","ui.configuration.security.monitors.SQLInjectionTest","Test","ui.configuration.security.monitors.SQLInjectionTest","shouldEnableSQLInjectionMonitor"
"","1144","Verify user can enable Request Rate Monitor, configure threshold values, and apply the configuration successfully","UI Regression","2026-05-28","passed","2026-05-28","ui.configuration.security.monitors.dos.RequestRateAlertTest","Test","ui.configuration.security.monitors.dos.RequestRateAlertTest","shouldUpdateRequestRateConfiguration"
"","2109","Default User Agent UI page load validation","UI Sanity","2026-05-28","passed","2026-05-28","sanity.configuration.security.enddevices.EndDevicePagesTest","Test","sanity.configuration.security.enddevices.EndDevicePagesTest","defaultUserAgentUiPageLoadValidation"
"","791","Blocked Calls UI page load validation","UI Sanity","2026-05-28","passed","2026-05-28","sanity.dashboard.DashboardPagesTest","Test","sanity.dashboard.DashboardPagesTest","blockedCallsUiPageLoadValidation"
"","943","Verify safelist IPs can be uploaded using CSV file","UI Regression","2026-05-28","passed","2026-05-28","ui.configuration.security.safelist.SafelistIPTest","Test","ui.configuration.security.safelist.SafelistIPTest","uploadCSV"
"","2506","Call History UI page load validation","UI Sanity","2026-05-28","passed","2026-05-28","sanity.visibility.calls.CallPagesTest","Test","sanity.visibility.calls.CallPagesTest","callHistoryUiPageLoadValidation"
"","371","RTP Monitor UI page load validation","UI Sanity","2026-05-28","passed","2026-05-28","sanity.configuration.security.monitors.MonitorPagesTest","Test","sanity.configuration.security.monitors.MonitorPagesTest","rtpMonitorUiPageLoadValidation"
"","1372","Verify user can add a default user agent successfully","UI Regression","2026-05-28","passed","2026-05-28","ui.configuration.security.endDevices.DefaultUserAgentTest","Test","ui.configuration.security.endDevices.DefaultUserAgentTest","addUserAgent"
"","652","Verify cancelling RTP Monitor configuration restores previous values","UI Regression","2026-05-28","passed","2026-05-28","ui.configuration.security.monitors.RTPMonitorTest","Test","ui.configuration.security.monitors.RTPMonitorTest","shouldCancelConfiguration"
"","420","Ignored Calls UI page load validation","UI Sanity","2026-05-28","passed","2026-05-28","sanity.administration.ignored.IgnoredPagesTest","Test","sanity.administration.ignored.IgnoredPagesTest","ignoredCallsUiPageLoadValidation"
"","967","Verify banned countries can be uploaded using CSV file","UI Regression","2026-05-28","failed","2026-05-28","ui.configuration.security.banned.BannedCountriesTest","Test","ui.configuration.security.banned.BannedCountriesTest","uploadCSV"
"","1172","Verify Wangiri Fraud call type and direction can be updated successfully","UI Regression","2026-05-28","passed","2026-05-28","ui.configuration.security.monitors.WangiriFraudTest","Test","ui.configuration.security.monitors.WangiriFraudTest","shouldUpdateCallTypeAndDirection"
"","380","STIR/SHAKEN Verfication UI page load validation","UI Sanity","2026-05-28","passed","2026-05-28","sanity.configuration.services.ServicesPagesTest","Test","sanity.configuration.services.ServicesPagesTest","stirShakenVerificationUiPageLoadValidation"
"","2204","Verify duplicate banned IP address validation message is displayed","UI Regression","2026-05-28","failed","2026-05-28","ui.configuration.security.banned.BannedIPAddressTest","Test","ui.configuration.security.banned.BannedIPAddressTest","addDuplicateIP"
"","801","Financial Dashboard UI page load validation","UI Sanity","2026-05-28","passed","2026-05-28","sanity.dashboard.DashboardPagesTest","Test","sanity.dashboard.DashboardPagesTest","financialDashboardUiPageLoadValidation"
"","46","Verify DNO flag can be enabled successfully","UI Regression","2026-05-28","passed","2026-05-28","ui.configuration.security.banned.BannedNumbersTest","Test","ui.configuration.security.banned.BannedNumbersTest","verifyEnableDnoFlag"
"","416","Vishing Stats UI page load validation","UI Sanity","2026-05-28","passed","2026-05-28","sanity.visibility.statistics.StatisticsPagesTest","Test","sanity.visibility.statistics.StatisticsPagesTest","vishingStatsUiPageLoadValidation"
"","490","Email Reports UI page load validation","UI Sanity","2026-05-28","passed","2026-05-28","sanity.report.ReportPagesTest","Test","sanity.report.ReportPagesTest","emailReportsUiPageLoadValidation"
"","1336","Verify cancelling Flash Call configuration restores previous values","UI Regression","2026-05-28","passed","2026-05-28","ui.configuration.security.monitors.FlashCallTest","Test","ui.configuration.security.monitors.FlashCallTest","shouldCancelFlashCallConfiguration"
"","577","Destination Country Based Alerts UI page load validation","UI Sanity","2026-05-28","passed","2026-05-28","sanity.visibility.alerts.alertfilters.AlertFilterPagesTest","Test","sanity.visibility.alerts.alertfilters.AlertFilterPagesTest","destinationCountryBasedAlertsUiPageLoadValidation"
"","396","Traffic Capture UI page load validation","UI Sanity","2026-05-28","passed","2026-05-28","sanity.configuration.services.recording.RecordingPagesTest","Test","sanity.configuration.services.recording.RecordingPagesTest","trafficCaptureUiPageLoadValidation"
"","1049","Verify cancelled safelist user agent is not added","UI Regression","2026-05-28","passed","2026-05-28","ui.configuration.security.safelist.SafelistUserAgentTest","Test","ui.configuration.security.safelist.SafelistUserAgentTest","cancelAddUserAgent"
"","624","Verify validation error messages are displayed when Flood Monitor fields are left empty","UI Regression","2026-05-28","passed","2026-05-28","ui.configuration.security.monitors.dos.FloodMonitorTest","Test","ui.configuration.security.monitors.dos.FloodMonitorTest","shouldShowValidationErrorsForEmptyFields"
"","479","VLAN UI page load validation","UI Sanity","2026-05-28","passed","2026-05-28","sanity.visibility.statistics.networkgroup.NetworkGroupPagesTest","Test","sanity.visibility.statistics.networkgroup.NetworkGroupPagesTest","vlanUiPageLoadValidation"
"","234","Verify Error Rate monitoring can be enabled successfully","UI Regression","2026-05-28","passed","2026-05-28","ui.configuration.security.ErrorRateTest","Test","ui.configuration.security.ErrorRateTest","enableToggle"
"","686","TPS History UI page load validation","UI Sanity","2026-05-28","passed","2026-05-28","sanity.visibility.history.HistoryPagesTest","Test","sanity.visibility.history.HistoryPagesTest","tpsHistoryUiPageLoadValidation"
"","366","Verify that the risk level dropdown can be changed and persists the selected value","UI Regression","2026-05-28","passed","2026-05-28","ui.configuration.security.botnet.RoboCallsTest","Test","ui.configuration.security.botnet.RoboCallsTest","changeRiskLevel"
"","4963","Active Users Login UI page load validation","UI Sanity","2026-05-28","passed","2026-05-28","sanity.administration.usermanagement.UserManagementPagesTest","Test","sanity.administration.usermanagement.UserManagementPagesTest","activeUsersLoginUiPageLoadValidation"
"","370","SysLogs UI page load validation","UI Sanity","2026-05-28","passed","2026-05-28","sanity.configuration.system.logs.LogPagesTest","Test","sanity.configuration.system.logs.LogPagesTest","sysLogsUiPageLoadValidation"
"","853","Verify cancelling Wangiri Fraud configuration restores previous values","UI Regression","2026-05-28","passed","2026-05-28","ui.configuration.security.monitors.WangiriFraudTest","Test","ui.configuration.security.monitors.WangiriFraudTest","shouldCancelConfiguration"
"","1817","Verify duplicate safelist user agent cannot be added","UI Regression","2026-05-28","passed","2026-05-28","ui.configuration.security.safelist.SafelistUserAgentTest","Test","ui.configuration.security.safelist.SafelistUserAgentTest","duplicateUserAgent"
"","15322","Verify banned numbers report can be exported successfully","UI Regression","2026-05-28","failed","2026-05-28","ui.configuration.security.banned.BannedNumbersTest","Test","ui.configuration.security.banned.BannedNumbersTest","exportCSVTest"
"","706","Verify Registration Fraud distance can be updated successfully","UI Regression","2026-05-28","passed","2026-05-28","ui.configuration.security.monitors.RegistrationFraudTest","Test","ui.configuration.security.monitors.RegistrationFraudTest","shouldUpdateDistance"
"","2105","Call Recording UI page load validation","UI Sanity","2026-05-28","passed","2026-05-28","sanity.configuration.services.recording.RecordingPagesTest","Test","sanity.configuration.services.recording.RecordingPagesTest","callRecordingUiPageLoadValidation"
"","402","Verify validation errors are displayed for empty SQL Injection fields","UI Regression","2026-05-28","passed","2026-05-28","ui.configuration.security.monitors.SQLInjectionTest","Test","ui.configuration.security.monitors.SQLInjectionTest","shouldShowValidationErrorsForEmptyField"
"","708","Option Rate UI page load validation","UI Sanity","2026-05-28","passed","2026-05-28","sanity.configuration.security.monitors.dos.DosPagesTest","Test","sanity.configuration.security.monitors.dos.DosPagesTest","optionRateUiPageLoadValidation"
"","2411","Call Traffic Tracking UI page load validation","UI Sanity","2026-05-28","passed","2026-05-28","sanity.configuration.security.SecurityPagesTest","Test","sanity.configuration.security.SecurityPagesTest","callTrafficTrackingUiPageLoadValidation"
"","2938","Black List UI page load validation","UI Sanity","2026-05-28","passed","2026-05-28","sanity.visibility.blacklist.BlackListPagesTest","Test","sanity.visibility.blacklist.BlackListPagesTest","blackListUiPageLoadValidation"
"","11815","Verify cancel functionality when adding rule","UI Regression","2026-05-28","passed","2026-05-28","ui.configuration.security.monitors.dos.TDosTest","Test","ui.configuration.security.monitors.dos.TDosTest","shouldCancelAddRule"
"","372","Simultaneous Session UI page load validation","UI Sanity","2026-05-28","passed","2026-05-28","sanity.configuration.security.monitors.spit.SpitPagesTest","Test","sanity.configuration.security.monitors.spit.SpitPagesTest","simultaneousSessionUiPageLoadValidation"
"","374","Diameter UI page load validation","UI Sanity","2026-05-28","passed","2026-05-28","sanity.configuration.access.authentication.AuthenticationPagesTest","Test","sanity.configuration.access.authentication.AuthenticationPagesTest","diameterUiPageLoadValidation"
"","1140","Registrations Chart UI page load validation","UI Sanity","2026-05-28","passed","2026-05-28","sanity.visibility.registrations.RegistrationPagesTest","Test","sanity.visibility.registrations.RegistrationPagesTest","registrationsChartUiPageLoadValidation"
"","547","Verify Flood Monitor can be disabled successfully using the enable toggle","UI Regression","2026-05-28","passed","2026-05-28","ui.configuration.security.monitors.dos.FloodMonitorTest","Test","ui.configuration.security.monitors.dos.FloodMonitorTest","shouldDisableFloodMonitor"
"","46","Verify Option Rate Monitoring graph is displayed on the dashboard","UI Regression","2026-05-28","passed","2026-05-28","ui.configuration.security.monitors.dos.OptionRateMonitorTest","Test","ui.configuration.security.monitors.dos.OptionRateMonitorTest","shouldDisplayMonitoringGraph"
"","2284","Call Direction UI page load validation","UI Sanity","2026-05-28","passed","2026-05-28","sanity.configuration.basicsetup.BasicSetupPagesTest","Test","sanity.configuration.basicsetup.BasicSetupPagesTest","callDirectionUiPageLoadValidation"
"","41","Verify edited TDoS rule values are correctly updated in table","UI Regression","2026-05-28","passed","2026-05-28","ui.configuration.security.monitors.dos.TDosTest","Test","ui.configuration.security.monitors.dos.TDosTest","shouldVerifyEditedRule"
"","80","Verify Request Rate Monitoring graph is displayed on the dashboard","UI Regression","2026-05-28","passed","2026-05-28","ui.configuration.security.monitors.dos.RequestRateAlertTest","Test","ui.configuration.security.monitors.dos.RequestRateAlertTest","shouldDisplayMonitoringGraph"
"","690","PAssert Rate UI page load validation","UI Sanity","2026-05-28","passed","2026-05-28","sanity.configuration.security.monitors.dos.DosPagesTest","Test","sanity.configuration.security.monitors.dos.DosPagesTest","pAssertRateUiPageLoadValidation"
"","471","UC Application Security UI page load validation","UI Sanity","2026-05-28","passed","2026-05-28","sanity.configuration.security.SecurityPagesTest","Test","sanity.configuration.security.SecurityPagesTest","ucApplicationSecurityUiPageLoadValidation"
"","555","Verify user can enable Un Subscribe Monitor, configure threshold values, and apply the configuration successfully","UI Regression","2026-05-28","passed","2026-05-28","ui.configuration.security.monitors.dos.UnSubscribeRateTest","Test","ui.configuration.security.monitors.dos.UnSubscribeRateTest","shouldUpdateUnSubscribeRateConfiguration"
"","52","Verify War Dialing monitoring graph or table is displayed","UI Regression","2026-05-28","passed","2026-05-28","ui.configuration.security.monitors.WarDialingTest","Test","ui.configuration.security.monitors.WarDialingTest","shouldVerifyGraphTableAppears"
"","15343","Verify safelist user agents CSV file can be exported successfully","UI Regression","2026-05-28","failed","2026-05-28","ui.configuration.security.safelist.SafelistUserAgentTest","Test","ui.configuration.security.safelist.SafelistUserAgentTest","exportCSVTest"
"","272","Verify fields enabled and disabled when Auto Learn is disabled","UI Regression","2026-05-28","passed","2026-05-28","ui.configuration.security.monitors.FlashCallTest","Test","ui.configuration.security.monitors.FlashCallTest","shouldVerifyAutoLearnDisabledFields"
"","2102","UC Application Services UI page load validation","UI Sanity","2026-05-28","passed","2026-05-28","sanity.configuration.services.ServicesPagesTest","Test","sanity.configuration.services.ServicesPagesTest","ucApplicationServicesUiPageLoadValidation"
"","1161","Safelist User Agent UI page load validation","UI Sanity","2026-05-28","passed","2026-05-28","sanity.configuration.security.safelist.SafelistPagesTest","Test","sanity.configuration.security.safelist.SafelistPagesTest","safelistUserAgentUiPageLoadValidation"
"","938","Alerts UI page load validation","UI Sanity","2026-05-28","passed","2026-05-28","sanity.visibility.alerts.AlertPagesTest","Test","sanity.visibility.alerts.AlertPagesTest","alertsUiPageLoadValidation"
"","132","Verify added safelist user agents are displayed in table","UI Regression","2026-05-28","passed","2026-05-28","ui.configuration.security.safelist.SafelistUserAgentTest","Test","ui.configuration.security.safelist.SafelistUserAgentTest","verifyUserAgent"
"","983","Call Groups Chart UI page load validation","UI Sanity","2026-05-28","passed","2026-05-28","sanity.visibility.calls.CallPagesTest","Test","sanity.visibility.calls.CallPagesTest","callGroupsChartUiPageLoadValidation"
"","54","Verify International Destinations monitoring can be enabled successfully","UI Regression","2026-05-28","passed","2026-05-28","ui.configuration.security.monitors.InternationalDestinationsTest","Test","ui.configuration.security.monitors.InternationalDestinationsTest","shouldEnableInternationalDestinations"
"","453","Dynamic License UI page load validation","UI Sanity","2026-05-28","passed","2026-05-28","sanity.administration.license.LicensePagesTest","Test","sanity.administration.license.LicensePagesTest","dynamicLicenseUiPageLoadValidation"
"","1035","Security Dashboard UI page load validation","UI Sanity","2026-05-28","passed","2026-05-28","sanity.dashboard.DashboardPagesTest","Test","sanity.dashboard.DashboardPagesTest","securityDashboardUiPageLoadValidation"
"","2432","Malicious User Agent UI page load validation","UI Sanity","2026-05-28","passed","2026-05-28","sanity.configuration.security.enddevices.EndDevicePagesTest","Test","sanity.configuration.security.enddevices.EndDevicePagesTest","maliciousUserAgentUiPageLoadValidation"
"","2354","Per Destination Country Variance UI page load validation","UI Sanity","2026-05-28","passed","2026-05-28","sanity.configuration.tollfraud.baselinebased.variance.VariancePagesTest","Test","sanity.configuration.tollfraud.baselinebased.variance.VariancePagesTest","perDestinationCountryVarianceUiPageLoadValidation"
"","1708","Verify user can add a malicious user agent successfully","UI Regression","2026-05-28","passed","2026-05-28","ui.configuration.security.endDevices.MaliciousUserAgentTest","Test","ui.configuration.security.endDevices.MaliciousUserAgentTest","addUserAgent"
"","1137","Verify banned IP address can be deleted successfully","UI Regression","2026-05-28","passed","2026-05-28","ui.configuration.security.banned.BannedIPAddressTest","Test","ui.configuration.security.banned.BannedIPAddressTest","deleteIPAddress"
"","1029","Verify all safelist numbers can be deleted successfully","UI Regression","2026-05-28","passed","2026-05-28","ui.configuration.security.safelist.SafelistNumbersTest","Test","ui.configuration.security.safelist.SafelistNumbersTest","deleteAllNumber"
"","553","Subscribe Messages UI page load validation","UI Sanity","2026-05-28","passed","2026-05-28","sanity.visibility.messages.MessagePagesTest","Test","sanity.visibility.messages.MessagePagesTest","subscribeMessagesUiPageLoadValidation"
"","605","Verify validation errors when fields are empty","UI Regression","2026-05-28","passed","2026-05-28","ui.configuration.security.monitors.spit.CallDurationAlertTest","Test","ui.configuration.security.monitors.spit.CallDurationAlertTest","shouldShowValidationErrorsForEmptyFields"
"","489","Diameter Sessions UI page load validation","UI Sanity","2026-05-28","passed","2026-05-28","sanity.visibility.activity.ActivityPagesTest","Test","sanity.visibility.activity.ActivityPagesTest","diameterSessionsUiPageLoadValidation"
"","2198","Send Blacklist Alerts UI page load validation","UI Sanity","2026-05-28","passed","2026-05-28","sanity.configuration.access.externalservices.ExternalServicesPagesTest","Test","sanity.configuration.access.externalservices.ExternalServicesPagesTest","sendBlacklistAlertsUiPageLoadValidation"
"","1042","Verify banned country can be deleted successfully","UI Regression","2026-05-28","passed","2026-05-28","ui.configuration.security.banned.BannedCountriesTest","Test","ui.configuration.security.banned.BannedCountriesTest","deleteCountry"
"","451","License Info UI page load validation","UI Sanity","2026-05-28","passed","2026-05-28","sanity.administration.license.LicensePagesTest","Test","sanity.administration.license.LicensePagesTest","licenseInfoUiPageLoadValidation"
"","1508","Verify cancelled banned number is not saved","UI Regression","2026-05-28","passed","2026-05-28","ui.configuration.security.banned.BannedNumbersTest","Test","ui.configuration.security.banned.BannedNumbersTest","cancelAdd"
"","2324","Vishing UI page load validation","UI Sanity","2026-05-28","passed","2026-05-28","sanity.configuration.groups.GroupPagesTest","Test","sanity.configuration.groups.GroupPagesTest","vishingUiPageLoadValidation"
"","391","Rural Call Completion UI page load validation","UI Sanity","2026-05-28","passed","2026-05-28","sanity.configuration.services.callCompletion.CallCompletionPagesTest","Test","sanity.configuration.services.callCompletion.CallCompletionPagesTest","ruralCallCompletionUiPageLoadValidation"
"","2221","Global IP Range UI page load validation","UI Sanity","2026-05-28","passed","2026-05-28","sanity.configuration.groups.GroupPagesTest","Test","sanity.configuration.groups.GroupPagesTest","globalIPRangeUiPageLoadValidation"
"","605","Verify validation errors are displayed for empty Wangiri Fraud fields","UI Regression","2026-05-28","passed","2026-05-28","ui.configuration.security.monitors.WangiriFraudTest","Test","ui.configuration.security.monitors.WangiriFraudTest","shouldShowValidationErrorsForEmptyFields"
"","627","Call Messages UI page load validation","UI Sanity","2026-05-28","passed","2026-05-28","sanity.visibility.messages.MessagePagesTest","Test","sanity.visibility.messages.MessagePagesTest","callMessagesUiPageLoadValidation"
"","1000","Verify safelist numbers can be uploaded using CSV file","UI Regression","2026-05-28","passed","2026-05-28","ui.configuration.security.safelist.SafelistNumbersTest","Test","ui.configuration.security.safelist.SafelistNumbersTest","uploadCSV"
"","2291","Country Groups UI page load validation","UI Sanity","2026-05-28","passed","2026-05-28","sanity.configuration.groups.GroupPagesTest","Test","sanity.configuration.groups.GroupPagesTest","countryUiPageLoadValidation"
"","899","Verify user can enable PAssert Rate Monitor, configure threshold values, and apply the configuration successfully","UI Regression","2026-05-28","passed","2026-05-28","ui.configuration.security.monitors.dos.PAssertRateMonitorTest","Test","ui.configuration.security.monitors.dos.PAssertRateMonitorTest","shouldUpdatePAssertRateConfiguration"
"","1978","Source Based Route UI page load validation","UI Sanity","2026-05-28","passed","2026-05-28","sanity.configuration.system.routes.RoutePagesTest","Test","sanity.configuration.system.routes.RoutePagesTest","sourceBasedRouteUiPageLoadValidation"
"","598","Verify alternate War Dialing values can be configured successfully","UI Regression","2026-05-28","passed","2026-05-28","ui.configuration.security.monitors.WarDialingTest","Test","ui.configuration.security.monitors.WarDialingTest","shouldConfigureAlternateValues"
"","57","Verify added Error Rate rule is displayed correctly","UI Regression","2026-05-28","passed","2026-05-28","ui.configuration.security.ErrorRateTest","Test","ui.configuration.security.ErrorRateTest","verifyRule"
"","2378","Banned Numbers UI page load validation","UI Sanity","2026-05-28","passed","2026-05-28","sanity.configuration.security.banned.BannedPagesTest","Test","sanity.configuration.security.banned.BannedPagesTest","bannedNumbersUiPageLoadValidation"
"","68","Verify banned numbers are displayed in the table","UI Regression","2026-05-28","passed","2026-05-28","ui.configuration.security.banned.BannedNumbersTest","Test","ui.configuration.security.banned.BannedNumbersTest","verifyNumber"
"","1617","Verify duplicate safelist number cannot be added","UI Regression","2026-05-28","passed","2026-05-28","ui.configuration.security.safelist.SafelistNumbersTest","Test","ui.configuration.security.safelist.SafelistNumbersTest","addDuplicateNumber"
"","2339","Error Rate Tracking UI page load validation","UI Sanity","2026-05-28","passed","2026-05-28","sanity.configuration.security.SecurityPagesTest","Test","sanity.configuration.security.SecurityPagesTest","errorRateTrackingUiPageLoadValidation"
"","2405","Source Call Rate UI page load validation","UI Sanity","2026-05-28","passed","2026-05-28","sanity.configuration.policies.PolicyPagesTest","Test","sanity.configuration.policies.PolicyPagesTest","sourceCallRateUiPageLoadValidation"
"","2680","Registrations UI page load validation","UI Sanity","2026-05-28","passed","2026-05-28","sanity.visibility.registrations.RegistrationPagesTest","Test","sanity.visibility.registrations.RegistrationPagesTest","registrationsUiPageLoadValidation"
"","490","Verify validation errors are displayed for empty RTP Monitor fields","UI Regression","2026-05-28","passed","2026-05-28","ui.configuration.security.monitors.RTPMonitorTest","Test","ui.configuration.security.monitors.RTPMonitorTest","shouldShowValidationErrorsForEmptyField"
"","1079","Call Chart UI page load validation","UI Sanity","2026-05-28","passed","2026-05-28","sanity.visibility.calls.CallPagesTest","Test","sanity.visibility.calls.CallPagesTest","callChartUiPageLoadValidation"
"","927","Verify validation errors when fields are empty","UI Regression","2026-05-28","passed","2026-05-28","ui.configuration.security.monitors.FlashCallTest","Test","ui.configuration.security.monitors.FlashCallTest","shouldShowValidationErrorsForEmptyFields"
"","2147","Network Services UI page load validation","UI Sanity","2026-05-28","passed","2026-05-28","sanity.configuration.groups.GroupPagesTest","Test","sanity.configuration.groups.GroupPagesTest","networkServicesUiPageLoadValidation"
"","84","Verify edited safelist number is displayed correctly","UI Regression","2026-05-28","passed","2026-05-28","ui.configuration.security.safelist.SafelistNumbersTest","Test","ui.configuration.security.safelist.SafelistNumbersTest","verifyEditedNumber"
"","2463","Rejected Password UI page load validation","UI Sanity","2026-05-28","passed","2026-05-28","sanity.administration.usermanagement.UserManagementPagesTest","Test","sanity.administration.usermanagement.UserManagementPagesTest","rejectedPasswordUiPageLoadValidation"
"","862","Verify invalid War Dialing values are rejected","UI Regression","2026-05-28","passed","2026-05-28","ui.configuration.security.monitors.WarDialingTest","Test","ui.configuration.security.monitors.WarDialingTest","shouldRejectInvalidValues"
"","1001","Verify cancelling International Destinations configuration restores previous values","UI Regression","2026-05-28","passed","2026-05-28","ui.configuration.security.monitors.InternationalDestinationsTest","Test","ui.configuration.security.monitors.InternationalDestinationsTest","shouldCancelConfiguration"
"","261","Verify International Destinations configuration persists after refresh","UI Regression","2026-05-28","passed","2026-05-28","ui.configuration.security.monitors.InternationalDestinationsTest","Test","ui.configuration.security.monitors.InternationalDestinationsTest","shouldVerifyConfigurationPersistence"
"","745","Verify Error Rate rule can be deleted successfully","UI Regression","2026-05-28","passed","2026-05-28","ui.configuration.security.ErrorRateTest","Test","ui.configuration.security.ErrorRateTest","deleteRule"
"","1006","Verify malicious user agent search returns matching result","UI Regression","2026-05-28","passed","2026-05-28","ui.configuration.security.endDevices.MaliciousUserAgentTest","Test","ui.configuration.security.endDevices.MaliciousUserAgentTest","searchUserAgent"
"","803","War Dialing UI page load validation","UI Sanity","2026-05-28","passed","2026-05-28","sanity.configuration.security.monitors.MonitorPagesTest","Test","sanity.configuration.security.monitors.MonitorPagesTest","warDialingUiPageLoadValidation"
"","474","Tunnel Group UI page load validation","UI Sanity","2026-05-28","passed","2026-05-28","sanity.visibility.statistics.networkgroup.NetworkGroupPagesTest","Test","sanity.visibility.statistics.networkgroup.NetworkGroupPagesTest","tunnelGroupUiPageLoadValidation"
"","607","Verify user can enable Simultaneous Session Monitor and apply configuration","UI Regression","2026-05-28","passed","2026-05-28","ui.configuration.security.monitors.spit.SimultaneousSessionAlertTest","Test","ui.configuration.security.monitors.spit.SimultaneousSessionAlertTest","shouldUpdateSimultaneousSessionConfiguration"
"","10538","Verify invalid SQL Injection patterns are rejected","UI Regression","2026-05-28","broken","2026-05-28","ui.configuration.security.monitors.SQLInjectionTest","Test","ui.configuration.security.monitors.SQLInjectionTest","shouldRejectNonSQLPattern"
"","476","SIP Error Codes Chart UI page load validation","UI Sanity","2026-05-28","passed","2026-05-28","sanity.visibility.activity.ActivityPagesTest","Test","sanity.visibility.activity.ActivityPagesTest","sipErrorCodesChartUiPageLoadValidation"
"","517","Verify RTP Monitor configuration can be updated successfully","UI Regression","2026-05-28","passed","2026-05-28","ui.configuration.security.monitors.RTPMonitorTest","Test","ui.configuration.security.monitors.RTPMonitorTest","shouldConfigureRTPMonitor"
"","327","Verify Incomplete Calls configuration persists after refresh","UI Regression","2026-05-28","passed","2026-05-28","ui.configuration.security.monitors.IncompleteCallsTest","Test","ui.configuration.security.monitors.IncompleteCallsTest","shouldVerifyConfigPersistence"
"","2033","Receive Blacklist UI page load validation","UI Sanity","2026-05-28","passed","2026-05-28","sanity.configuration.access.externalservices.ExternalServicesPagesTest","Test","sanity.configuration.access.externalservices.ExternalServicesPagesTest","receiveBlacklistUiPageLoadValidation"
"","1009","Verify all safelist IP entries can be deleted successfully","UI Regression","2026-05-28","passed","2026-05-28","ui.configuration.security.safelist.SafelistIPTest","Test","ui.configuration.security.safelist.SafelistIPTest","deleteAll"
"","689","Request Rate UI page load validation","UI Sanity","2026-05-28","passed","2026-05-28","sanity.configuration.security.monitors.dos.DosPagesTest","Test","sanity.configuration.security.monitors.dos.DosPagesTest","requestRateUiPageLoadValidation"
"","775","Verify cancelling configuration restores previous Incomplete Calls values","UI Regression","2026-05-28","passed","2026-05-28","ui.configuration.security.monitors.IncompleteCallsTest","Test","ui.configuration.security.monitors.IncompleteCallsTest","shouldCancelConfiguration"
"","1171","Verify validation message is displayed for empty safelist number","UI Regression","2026-05-28","passed","2026-05-28","ui.configuration.security.safelist.SafelistNumbersTest","Test","ui.configuration.security.safelist.SafelistNumbersTest","numberValidationTest"
"","738","Verify RTP Monitor sequence number range can be updated successfully","UI Regression","2026-05-28","passed","2026-05-28","ui.configuration.security.monitors.RTPMonitorTest","Test","ui.configuration.security.monitors.RTPMonitorTest","shouldUpdateSequenceNumberRange"
"","478","Source IP Based Alerts UI page load validation","UI Sanity","2026-05-28","passed","2026-05-28","sanity.visibility.alerts.alertfilters.AlertFilterPagesTest","Test","sanity.visibility.alerts.alertfilters.AlertFilterPagesTest","sourceIPBasedAlertsUiPageLoadValidation"
"","2207","UC Conference UI page load validation","UI Sanity","2026-05-28","passed","2026-05-28","sanity.configuration.services.ucservices.UCServicesPagesTest","Test","sanity.configuration.services.ucservices.UCServicesPagesTest","ucConferenceUiPageLoadValidation"
"","2002","Verify user can add a banned country successfully","UI Regression","2026-05-28","passed","2026-05-28","ui.configuration.security.banned.BannedCountriesTest","Test","ui.configuration.security.banned.BannedCountriesTest","addCountry"
"","1074","Verify Flash Call configuration with Auto Learn persists after refresh","UI Regression","2026-05-28","passed","2026-05-28","ui.configuration.security.monitors.FlashCallTest","Test","ui.configuration.security.monitors.FlashCallTest","shouldConfigureFlashCallWithAutoLearn"
"","853","Robo Call UI page load validation","UI Sanity","2026-05-28","passed","2026-05-28","sanity.dashboard.DashboardPagesTest","Test","sanity.dashboard.DashboardPagesTest","roboCallUiPageLoadValidation"
"","2202","Global User Range UI page load validation","UI Sanity","2026-05-28","passed","2026-05-28","sanity.configuration.groups.GroupPagesTest","Test","sanity.configuration.groups.GroupPagesTest","globalUserUiPageLoadValidation"
"","207","Verify RTP Monitor configuration persists after refresh","UI Regression","2026-05-28","passed","2026-05-28","ui.configuration.security.monitors.RTPMonitorTest","Test","ui.configuration.security.monitors.RTPMonitorTest","shouldVerifyConfigurationPersistence"
"","2328","Email Config UI page load validation","UI Sanity","2026-05-28","passed","2026-05-28","sanity.configuration.system.SystemPagesTest","Test","sanity.configuration.system.SystemPagesTest","emailConfigUiPageLoadValidation"
"","630","Rural Calls UI page load validation","UI Sanity","2026-05-28","passed","2026-05-28","sanity.visibility.statistics.callcompletion.CallCompletionPagesTest","Test","sanity.visibility.statistics.callcompletion.CallCompletionPagesTest","ruralCallsUiPageLoadValidation"
"","499","Server Financial Calling Pattern UI page load validation","UI Sanity","2026-05-28","passed","2026-05-28","sanity.visibility.tollfraud.baseline.callcost.CallCostPagesTest","Test","sanity.visibility.tollfraud.baseline.callcost.CallCostPagesTest","serverFinancialCallingPatternUiPageLoadValidation"
"","2595","Banned Countries UI page load validation","UI Sanity","2026-05-28","passed","2026-05-28","sanity.configuration.security.banned.BannedPagesTest","Test","sanity.configuration.security.banned.BannedPagesTest","bannedCountriesUiPageLoadValidation"
"","601","Options Messages UI page load validation","UI Sanity","2026-05-28","passed","2026-05-28","sanity.visibility.messages.MessagePagesTest","Test","sanity.visibility.messages.MessagePagesTest","optionsMessagesUiPageLoadValidation"
"","397","Flood Monitor UI page load validation","UI Sanity","2026-05-28","passed","2026-05-28","sanity.configuration.security.monitors.dos.DosPagesTest","Test","sanity.configuration.security.monitors.dos.DosPagesTest","floodMonitorUiPageLoadValidation"
"","652","Registrations History UI page load validation","UI Sanity","2026-05-28","passed","2026-05-28","sanity.visibility.registrations.RegistrationPagesTest","Test","sanity.visibility.registrations.RegistrationPagesTest","registrationsHistoryUiPageLoadValidation"
"","7684","Verify safelist IP can be deleted successfully","UI Regression","2026-05-28","failed","2026-05-28","ui.configuration.security.safelist.SafelistIPTest","Test","ui.configuration.security.safelist.SafelistIPTest","deleteIP"
"","2262","MOS Groups UI page load validation","UI Sanity","2026-05-28","passed","2026-05-28","sanity.configuration.groups.GroupPagesTest","Test","sanity.configuration.groups.GroupPagesTest","mosUiPageLoadValidation"
"","371","UC Presence UI page load validation","UI Sanity","2026-05-28","passed","2026-05-28","sanity.configuration.services.ucservices.UCServicesPagesTest","Test","sanity.configuration.services.ucservices.UCServicesPagesTest","ucPresenceUiPageLoadValidation"
"","570","MOS Tracking UI page load validation","UI Sanity","2026-05-28","passed","2026-05-28","sanity.visibility.activity.ActivityPagesTest","Test","sanity.visibility.activity.ActivityPagesTest","mosTrackingUiPageLoadValidation"
"","511","Verify cancelling parser exception changes restores previous state","UI Regression","2026-05-28","passed","2026-05-28","ui.configuration.security.endDevices.MessageIntegrityTest","Test","ui.configuration.security.endDevices.MessageIntegrityTest","cancelParserException"
"","142","Verify War Dialing monitoring can be enabled successfully","UI Regression","2026-05-28","passed","2026-05-28","ui.configuration.security.monitors.WarDialingTest","Test","ui.configuration.security.monitors.WarDialingTest","shouldEnableWarDialing"
"","40","Verify banned country is displayed in the table","UI Regression","2026-05-28","passed","2026-05-28","ui.configuration.security.banned.BannedCountriesTest","Test","ui.configuration.security.banned.BannedCountriesTest","verifyCountryRule"
"","473","Password Policies UI page load validation","UI Sanity","2026-05-28","passed","2026-05-28","sanity.administration.usermanagement.UserManagementPagesTest","Test","sanity.administration.usermanagement.UserManagementPagesTest","passwordPoliciesUiPageLoadValidation"
"","528","Q850 Codes Chart UI page load validation","UI Sanity","2026-05-28","passed","2026-05-28","sanity.visibility.activity.ActivityPagesTest","Test","sanity.visibility.activity.ActivityPagesTest","q850CodesChartUiPageLoadValidation"
"","550","Error Responses UI page load validation","UI Sanity","2026-05-28","passed","2026-05-28","sanity.visibility.activity.ActivityPagesTest","Test","sanity.visibility.activity.ActivityPagesTest","errorResponsesUiPageLoadValidation"
"","408","Non-Rural Call Completion UI page load validation","UI Sanity","2026-05-28","passed","2026-05-28","sanity.configuration.services.callCompletion.CallCompletionPagesTest","Test","sanity.configuration.services.callCompletion.CallCompletionPagesTest","nonRuralCallCompletionUiPageLoadValidation"
"","591","Conferences UI page load validation","UI Sanity","2026-05-28","passed","2026-05-28","sanity.visibility.activity.ActivityPagesTest","Test","sanity.visibility.activity.ActivityPagesTest","conferencesUiPageLoadValidation"
"","760","Call Statistics UI page load validation","UI Sanity","2026-05-28","passed","2026-05-28","sanity.dashboard.DashboardPagesTest","Test","sanity.dashboard.DashboardPagesTest","callStatisticsUiPageLoadValidation"
"","2683","UC Servers UI page load validation","UI Sanity","2026-05-28","passed","2026-05-28","sanity.configuration.basicsetup.BasicSetupPagesTest","Test","sanity.configuration.basicsetup.BasicSetupPagesTest","ucServersUiPageLoadValidation"
"","10653","Verify all War Dialing originating type options are selectable","UI Regression","2026-05-28","passed","2026-05-28","ui.configuration.security.monitors.WarDialingTest","Test","ui.configuration.security.monitors.WarDialingTest","shouldVerifyAllOriginatingTypeOptions"
"","2923","Registrations Groups Chart UI page load validation","UI Sanity","2026-05-28","passed","2026-05-28","sanity.visibility.registrations.RegistrationPagesTest","Test","sanity.visibility.registrations.RegistrationPagesTest","registrationsGroupsChartUiPageLoadValidation"
"","2127","CMS UI page load validation","UI Sanity","2026-05-28","passed","2026-05-28","sanity.configuration.access.management.ManagementPagesTest","Test","sanity.configuration.access.management.ManagementPagesTest","cmsUiPageLoadValidation"
"","3374","Call Cost Manual Upload UI page load validation","UI Sanity","2026-05-28","passed","2026-05-28","sanity.configuration.services.callcostrating.CallCostRatingPagesTest","Test","sanity.configuration.services.callcostrating.CallCostRatingPagesTest","callCostManualUploadUiPageLoadValidation"
"","389","Registration Fraud UI page load validation","UI Sanity","2026-05-28","passed","2026-05-28","sanity.configuration.security.monitors.MonitorPagesTest","Test","sanity.configuration.security.monitors.MonitorPagesTest","registrationFraudUiPageLoadValidation"
"","754","Verify validation errors are displayed for empty International Destinations fields","UI Regression","2026-05-28","passed","2026-05-28","ui.configuration.security.monitors.InternationalDestinationsTest","Test","ui.configuration.security.monitors.InternationalDestinationsTest","shouldShowValidationErrors"
"","1173","Verify safelist number can be added successfully","UI Regression","2026-05-28","passed","2026-05-28","ui.configuration.security.safelist.SafelistNumbersTest","Test","ui.configuration.security.safelist.SafelistNumbersTest","addNumber"
"","2589","Call Activity UI page load validation","UI Sanity","2026-05-28","passed","2026-05-28","sanity.visibility.calls.CallPagesTest","Test","sanity.visibility.calls.CallPagesTest","callActivityUiPageLoadValidation"
"","4236","Verify successful logout from the application","UI Regression","2026-05-28","failed","2026-05-28","ui.login.CTMLoginTest","Test","ui.login.CTMLoginTest","verifyLogout"
"","2245","Safelist IP UI page load validation","UI Sanity","2026-05-28","passed","2026-05-28","sanity.configuration.security.safelist.SafelistPagesTest","Test","sanity.configuration.security.safelist.SafelistPagesTest","safelistIPUiPageLoadValidation"
"","2226","Call Diversion UI page load validation","UI Sanity","2026-05-28","passed","2026-05-28","sanity.configuration.policies.PolicyPagesTest","Test","sanity.configuration.policies.PolicyPagesTest","callDiversionUiPageLoadValidation"
"","460","Traffic Capture UI page load validation","UI Sanity","2026-05-28","passed","2026-05-28","sanity.visibility.recording.RecordingPagesTest","Test","sanity.visibility.recording.RecordingPagesTest","trafficCaptureUiPageLoadValidation"
"","354","Log Management UI page load validation","UI Sanity","2026-05-28","passed","2026-05-28","sanity.configuration.system.logs.LogPagesTest","Test","sanity.configuration.system.logs.LogPagesTest","logManagementUiPageLoadValidation"
"","20","Verify that the RoboCalls configuration page loads successfully after login","UI Regression","2026-05-28","passed","2026-05-28","ui.configuration.security.botnet.RoboCallsTest","Test","ui.configuration.security.botnet.RoboCallsTest","verifyRoboCallsPageLoaded"
"","2330","User IP UI page load validation","UI Sanity","2026-05-28","passed","2026-05-28","sanity.configuration.groups.GroupPagesTest","Test","sanity.configuration.groups.GroupPagesTest","userIPUiPageLoadValidation"
"","676","Verify validation errors are displayed for empty Incomplete Calls fields","UI Regression","2026-05-28","passed","2026-05-28","ui.configuration.security.monitors.IncompleteCallsTest","Test","ui.configuration.security.monitors.IncompleteCallsTest","shouldShowValidationErrorsForEmptyFields"
"","9786","Verify that an existing RoboCall entry can be selected and deleted successfully","UI Regression","2026-05-28","passed","2026-05-28","ui.configuration.security.botnet.RoboCallsTest","Test","ui.configuration.security.botnet.RoboCallsTest","deleteRoboCall"
"","657","Verify cancelling Registration Fraud configuration restores previous values","UI Regression","2026-05-28","passed","2026-05-28","ui.configuration.security.monitors.RegistrationFraudTest","Test","ui.configuration.security.monitors.RegistrationFraudTest","shouldCancelConfiguration"
"","534","TPS Stats UI page load validation","UI Sanity","2026-05-28","passed","2026-05-28","sanity.visibility.statistics.StatisticsPagesTest","Test","sanity.visibility.statistics.StatisticsPagesTest","tpsStatsUiPageLoadValidation"
"","226","Verify SQL Injection configuration persists after refresh","UI Regression","2026-05-28","passed","2026-05-28","ui.configuration.security.monitors.SQLInjectionTest","Test","ui.configuration.security.monitors.SQLInjectionTest","shouldVerifyConfigurationPersistence"
"","501","Reports UI page load validation","UI Sanity","2026-05-28","passed","2026-05-28","sanity.report.ReportPagesTest","Test","sanity.report.ReportPagesTest","reportsUiPageLoadValidation"
"","210","Verify Registration Fraud configuration persists after refresh","UI Regression","2026-05-28","passed","2026-05-28","ui.configuration.security.monitors.RegistrationFraudTest","Test","ui.configuration.security.monitors.RegistrationFraudTest","shouldVerifyConfigurationPersistence"
"","15381","Verify banned IP addresses report can be exported successfully","UI Regression","2026-05-28","failed","2026-05-28","ui.configuration.security.banned.BannedIPAddressTest","Test","ui.configuration.security.banned.BannedIPAddressTest","exportCSVTest"
"","4746","Verify that a RoboCall entry added via CSV upload can be deleted successfully","UI Regression","2026-05-28","broken","2026-05-28","ui.configuration.security.botnet.RoboCallsTest","Test","ui.configuration.security.botnet.RoboCallsTest","deleteUploadedRoboCall"
"","6691","Recorded Calls UI page load validation","UI Sanity","2026-05-28","passed","2026-05-28","sanity.visibility.recording.RecordingPagesTest","Test","sanity.visibility.recording.RecordingPagesTest","recordedCallsUiPageLoadValidation"
"","1001","Verify Option Rate Monitor configuration persists after page refresh using alternative values","UI Regression","2026-05-28","passed","2026-05-28","ui.configuration.security.monitors.dos.OptionRateMonitorTest","Test","ui.configuration.security.monitors.dos.OptionRateMonitorTest","shouldPersistConfigurationAfterRefresh"
"","45","Verify edited Call Traffic rule is displayed correctly","UI Regression","2026-05-28","passed","2026-05-28","ui.configuration.security.CallTrafficTest","Test","ui.configuration.security.CallTrafficTest","verifyEditedRule"
"","761","Verify validation error messages are displayed when Request Rate fields are left empty","UI Regression","2026-05-28","passed","2026-05-28","ui.configuration.security.monitors.dos.RequestRateAlertTest","Test","ui.configuration.security.monitors.dos.RequestRateAlertTest","shouldShowValidationErrorsForEmptyFields"
"","311","Verify null user protection can be enabled successfully","UI Regression","2026-05-28","broken","2026-05-28","ui.configuration.security.endDevices.MessageIntegrityTest","Test","ui.configuration.security.endDevices.MessageIntegrityTest","enableNullUser"
"","8155","Verify that a new RoboCall entry can be added and is visible in the table","UI Regression","2026-05-28","passed","2026-05-28","ui.configuration.security.botnet.RoboCallsTest","Test","ui.configuration.security.botnet.RoboCallsTest","addRoboCall"
"","5526","RoboCalls UI page load validation","UI Sanity","2026-05-28","passed","2026-05-28","sanity.configuration.security.botnet.BotnetPagesTest","Test","sanity.configuration.security.botnet.BotnetPagesTest","roboCallsUiPageLoadValidation"
"","392","UnSubscribe Rate UI page load validation","UI Sanity","2026-05-28","passed","2026-05-28","sanity.configuration.security.monitors.dos.DosPagesTest","Test","sanity.configuration.security.monitors.dos.DosPagesTest","unSubscribeRateUiPageLoadValidation"
"","1256","Verify validation message is displayed when user agent name is empty","UI Regression","2026-05-28","passed","2026-05-28","ui.configuration.security.endDevices.MaliciousUserAgentTest","Test","ui.configuration.security.endDevices.MaliciousUserAgentTest","addEmptyValidation"
"","2282","Email Groups UI page load validation","UI Sanity","2026-05-28","passed","2026-05-28","sanity.configuration.groups.GroupPagesTest","Test","sanity.configuration.groups.GroupPagesTest","emailUiPageLoadValidation"
"","496","Diameter History UI page load validation","UI Sanity","2026-05-28","passed","2026-05-28","sanity.visibility.history.HistoryPagesTest","Test","sanity.visibility.history.HistoryPagesTest","diameterHistoryUiPageLoadValidation"
"","10788","Verify UI validation for empty login fields","UI Regression","2026-05-28","failed","2026-05-28","ui.login.CTMLoginTest","Test","ui.login.CTMLoginTest","verifyEmptyFields"
"","2052","Verify user can add a banned number successfully","UI Regression","2026-05-28","passed","2026-05-28","ui.configuration.security.banned.BannedNumbersTest","Test","ui.configuration.security.banned.BannedNumbersTest","addNumber"
"","2249","TDos UI page load validation","UI Sanity","2026-05-28","passed","2026-05-28","sanity.configuration.security.monitors.dos.DosPagesTest","Test","sanity.configuration.security.monitors.dos.DosPagesTest","tDosUiPageLoadValidation"
"","562","Link ASR Tracking UI page load validation","UI Sanity","2026-05-28","passed","2026-05-28","sanity.visibility.activity.ActivityPagesTest","Test","sanity.visibility.activity.ActivityPagesTest","linkASRTrackingUiPageLoadValidation"
"","550","Attacks Map UI page load validation","UI Sanity","2026-05-28","passed","2026-05-28","sanity.dashboard.DashboardPagesTest","Test","sanity.dashboard.DashboardPagesTest","attacksMapUiPageLoadValidation"
"","2162","TPS(Threat Protection Service) UI page load validation","UI Sanity","2026-05-28","passed","2026-05-28","sanity.configuration.services.ServicesPagesTest","Test","sanity.configuration.services.ServicesPagesTest","tpsUiPageLoadValidation"
"","397","Message Integrity UI page load validation","UI Sanity","2026-05-28","passed","2026-05-28","sanity.configuration.security.enddevices.EndDevicePagesTest","Test","sanity.configuration.security.enddevices.EndDevicePagesTest","messageIntegrityUiPageLoadValidation"
"","819","UC Analytics UI page load validation","UI Sanity","2026-05-28","passed","2026-05-28","sanity.dashboard.DashboardPagesTest","Test","sanity.dashboard.DashboardPagesTest","ucAnalyticsUiPageLoadValidation"
"","15341","Verify safelist IP CSV file can be exported successfully","UI Regression","2026-05-28","failed","2026-05-28","ui.configuration.security.safelist.SafelistIPTest","Test","ui.configuration.security.safelist.SafelistIPTest","exportCSVTest"
"","113","Verify login failure message with incorrect password","UI Regression","2026-05-28","broken","2026-05-28","ui.login.CTMLoginTest","Test","ui.login.CTMLoginTest","verifyInvalidPassword"
"","2325","Verify duplicate banned number validation message is displayed","UI Regression","2026-05-28","failed","2026-05-28","ui.configuration.security.banned.BannedNumbersTest","Test","ui.configuration.security.banned.BannedNumbersTest","addDuplicateNumber"
"","3619","Verify Call Traffic rule can be added successfully","UI Regression","2026-05-28","passed","2026-05-28","ui.configuration.security.CallTrafficTest","Test","ui.configuration.security.CallTrafficTest","addFullRule"
"","429","Log Download UI page load validation","UI Sanity","2026-05-28","passed","2026-05-28","sanity.configuration.system.logs.LogPagesTest","Test","sanity.configuration.system.logs.LogPagesTest","logDownloadUiPageLoadValidation"
"","1873","Verify safelist IP can be added successfully","UI Regression","2026-05-28","passed","2026-05-28","ui.configuration.security.safelist.SafelistIPTest","Test","ui.configuration.security.safelist.SafelistIPTest","addIP"
"","3403","Verify all Wangiri Fraud call types can be selected successfully","UI Regression","2026-05-28","passed","2026-05-28","ui.configuration.security.monitors.WangiriFraudTest","Test","ui.configuration.security.monitors.WangiriFraudTest","shouldVerifyAllCallTypes"
"","654","Verify SQL Injection pattern can be updated successfully","UI Regression","2026-05-28","passed","2026-05-28","ui.configuration.security.monitors.SQLInjectionTest","Test","ui.configuration.security.monitors.SQLInjectionTest","shouldUpdateSQLPattern"
"","768","Violation Severity UI page load validation","UI Sanity","2026-05-28","passed","2026-05-28","sanity.configuration.basicsetup.alertSeverity.AlertSeverityPagesTest","Test","sanity.configuration.basicsetup.alertSeverity.AlertSeverityPagesTest","violationSeverityUiPageLoadValidation"
"","392","Jira API UI page load validation","UI Sanity","2026-05-28","passed","2026-05-28","sanity.configuration.access.api.AccessApiPagesTest","Test","sanity.configuration.access.api.AccessApiPagesTest","jiraAPIUiPageLoadValidation"
"","406","Traffic Policer UI page load validation","UI Sanity","2026-05-28","passed","2026-05-28","sanity.configuration.basicsetup.BasicSetupPagesTest","Test","sanity.configuration.basicsetup.BasicSetupPagesTest","trafficPolicerUiPageLoadValidation"
"","2519","Allowed Codecs UI page load validation","UI Sanity","2026-05-28","passed","2026-05-28","sanity.configuration.security.codecs.CodecPagesTest","Test","sanity.configuration.security.codecs.CodecPagesTest","allowedCodecsUiPageLoadValidation"
"","407","RoboCalls Notification UI page load validation","UI Sanity","2026-05-28","passed","2026-05-28","sanity.configuration.security.SecurityPagesTest","Test","sanity.configuration.security.SecurityPagesTest","robocallsNotificationUiPageLoadValidation"
"","2254","SNMP Trap UI page load validation","UI Sanity","2026-05-28","passed","2026-05-28","sanity.configuration.system.SystemPagesTest","Test","sanity.configuration.system.SystemPagesTest","snmpTrapUiPageLoadValidation"
"","525","System Certificate UI page load validation","UI Sanity","2026-05-28","passed","2026-05-28","sanity.administration.certificates.CertificatePagesTest","Test","sanity.administration.certificates.CertificatePagesTest","systemCertificateUiPageLoadValidation"
"","1020","Verify cancelled safelist number is not added","UI Regression","2026-05-28","passed","2026-05-28","ui.configuration.security.safelist.SafelistNumbersTest","Test","ui.configuration.security.safelist.SafelistNumbersTest","cancelAddNumber"
"","2096","Static Route UI page load validation","UI Sanity","2026-05-28","passed","2026-05-28","sanity.configuration.system.routes.RoutePagesTest","Test","sanity.configuration.system.routes.RoutePagesTest","staticRouteUiPageLoadValidation"
"","387","International Destinations UI page load validation","UI Sanity","2026-05-28","passed","2026-05-28","sanity.configuration.security.monitors.MonitorPagesTest","Test","sanity.configuration.security.monitors.MonitorPagesTest","internationalDestinationsUiPageLoadValidation"
"","2321","Country Call Rate UI page load validation","UI Sanity","2026-05-28","passed","2026-05-28","sanity.configuration.policies.PolicyPagesTest","Test","sanity.configuration.policies.PolicyPagesTest","countryCallRateUiPageLoadValidation"
"","117","Verify banned IP addresses are displayed in the table","UI Regression","2026-05-28","passed","2026-05-28","ui.configuration.security.banned.BannedIPAddressTest","Test","ui.configuration.security.banned.BannedIPAddressTest","verifyIPAddress"
"","930","Verify enabling and disabling of Default User Agent configuration","UI Regression","2026-05-28","passed","2026-05-28","ui.configuration.security.endDevices.DefaultUserAgentTest","Test","ui.configuration.security.endDevices.DefaultUserAgentTest","toggleEnable"
"","1111","Verify user can enable Flood Monitor, configure threshold values, and apply the configuration successfully","UI Regression","2026-05-28","passed","2026-05-28","ui.configuration.security.monitors.dos.FloodMonitorTest","Test","ui.configuration.security.monitors.dos.FloodMonitorTest","shouldUpdateFloodMonitorConfiguration"
"","714","Verify cancelling SQL Injection configuration restores previous values","UI Regression","2026-05-28","passed","2026-05-28","ui.configuration.security.monitors.SQLInjectionTest","Test","ui.configuration.security.monitors.SQLInjectionTest","shouldCancelConfiguration"
"","371","SQL Injection UI page load validation","UI Sanity","2026-05-28","passed","2026-05-28","sanity.configuration.security.monitors.MonitorPagesTest","Test","sanity.configuration.security.monitors.MonitorPagesTest","sqlInjectionUiPageLoadValidation"
"","549","Session License Usage UI page load validation","UI Sanity","2026-05-28","passed","2026-05-28","sanity.administration.license.LicensePagesTest","Test","sanity.administration.license.LicensePagesTest","sessionLicenseUsageUiPageLoadValidation"
"","534","Alert Stats UI page load validation","UI Sanity","2026-05-28","passed","2026-05-28","sanity.visibility.statistics.StatisticsPagesTest","Test","sanity.visibility.statistics.StatisticsPagesTest","alertStatsUiPageLoadValidation"
"","1538","Verify duplicate malicious user agent validation message is displayed","UI Regression","2026-05-28","passed","2026-05-28","ui.configuration.security.endDevices.MaliciousUserAgentTest","Test","ui.configuration.security.endDevices.MaliciousUserAgentTest","duplicateUserAgent"
"","5176","Alerts Severity UI page load validation","UI Sanity","2026-05-28","passed","2026-05-28","sanity.configuration.basicsetup.alertSeverity.AlertSeverityPagesTest","Test","sanity.configuration.basicsetup.alertSeverity.AlertSeverityPagesTest","alertsSeverityUiPageLoadValidation"
"","635","Violations UI page load validation","UI Sanity","2026-05-28","passed","2026-05-28","sanity.visibility.alerts.AlertPagesTest","Test","sanity.visibility.alerts.AlertPagesTest","violationsUiPageLoadValidation"
"","927","Verify cancelling default user agent creation does not save the entry","UI Regression","2026-05-28","passed","2026-05-28","ui.configuration.security.endDevices.DefaultUserAgentTest","Test","ui.configuration.security.endDevices.DefaultUserAgentTest","cancelAdd"
"","968","Verify enabling and disabling of Malicious User Agent configuration","UI Regression","2026-05-28","passed","2026-05-28","ui.configuration.security.endDevices.MaliciousUserAgentTest","Test","ui.configuration.security.endDevices.MaliciousUserAgentTest","toggleEnable"
"","980","Verify safelist user agents can be uploaded using CSV file","UI Regression","2026-05-28","passed","2026-05-28","ui.configuration.security.safelist.SafelistUserAgentTest","Test","ui.configuration.security.safelist.SafelistUserAgentTest","uploadCSV"
"","6718","Main Dashboard UI page load validation","UI Sanity","2026-05-28","passed","2026-05-28","sanity.dashboard.DashboardPagesTest","Test","sanity.dashboard.DashboardPagesTest","mainDashboardUiPageLoadValidation"
"","2485","Error Groups Code UI page load validation","UI Sanity","2026-05-28","passed","2026-05-28","sanity.configuration.groups.GroupPagesTest","Test","sanity.configuration.groups.GroupPagesTest","errorCodeUiPageLoadValidation"
"","8953","Assigned Numbers UI page load validation","UI Sanity","2026-05-28","passed","2026-05-28","sanity.configuration.security.dno.DnoPagesTest","Test","sanity.configuration.security.dno.DnoPagesTest","assignedNumbersUiPageLoadValidation"
"","851","Non Rural Calls UI page load validation","UI Sanity","2026-05-28","passed","2026-05-28","sanity.visibility.statistics.callcompletion.CallCompletionPagesTest","Test","sanity.visibility.statistics.callcompletion.CallCompletionPagesTest","nonRuralCallsUiPageLoadValidation"
"","2185","Link ASR UI page load validation","UI Sanity","2026-05-28","passed","2026-05-28","sanity.configuration.groups.GroupPagesTest","Test","sanity.configuration.groups.GroupPagesTest","linkASRUiPageLoadValidation"
"","398","Remote Database UI page load validation","UI Sanity","2026-05-28","passed","2026-05-28","sanity.configuration.access.management.ManagementPagesTest","Test","sanity.configuration.access.management.ManagementPagesTest","remoteDatabaseUiPageLoadValidation"
"","1174","Verify validation message is displayed for empty safelist IP fields","UI Regression","2026-05-28","passed","2026-05-28","ui.configuration.security.safelist.SafelistIPTest","Test","ui.configuration.security.safelist.SafelistIPTest","emptyValidation"
"","526","Country Calling History UI page load validation","UI Sanity","2026-05-28","passed","2026-05-28","sanity.visibility.tollfraud.TollFraudPagesTest","Test","sanity.visibility.tollfraud.TollFraudPagesTest","countryCallingHistoryUiPageLoadValidation"
"","513","Database UI page load validation","UI Sanity","2026-05-28","passed","2026-05-28","sanity.administration.maintenance.MaintenancePagesTest","Test","sanity.administration.maintenance.MaintenancePagesTest","databaseUiPageLoadValidation"
"","423","Root Certificate UI page load validation","UI Sanity","2026-05-28","passed","2026-05-28","sanity.administration.certificates.tls.TLSCertificatePagesTest","Test","sanity.administration.certificates.tls.TLSCertificatePagesTest","rootCertificateUiPageLoadValidation"
"","1801","Verify cancelling War Dialing configuration restores previous values","UI Regression","2026-05-28","passed","2026-05-28","ui.configuration.security.monitors.WarDialingTest","Test","ui.configuration.security.monitors.WarDialingTest","shouldCancelConfiguration"
"","751","Verify validation errors are displayed for empty War Dialing fields","UI Regression","2026-05-28","passed","2026-05-28","ui.configuration.security.monitors.WarDialingTest","Test","ui.configuration.security.monitors.WarDialingTest","shouldShowValidationErrorsForEmptyFields"
"","1173","Verify Call Duration configuration persists after refresh","UI Regression","2026-05-28","passed","2026-05-28","ui.configuration.security.monitors.spit.CallDurationAlertTest","Test","ui.configuration.security.monitors.spit.CallDurationAlertTest","shouldPersistCallDurationAfterRefresh"
"","543","Audit Log UI page load validation","UI Sanity","2026-05-28","passed","2026-05-28","sanity.administration.AdministrationPagesTest","Test","sanity.administration.AdministrationPagesTest","auditLogUiPageLoadValidation"
"","2346","Tap IPSec Config UI page load validation","UI Sanity","2026-05-28","passed","2026-05-28","sanity.configuration.system.ipsec.IPSecPagesTest","Test","sanity.configuration.system.ipsec.IPSecPagesTest","tapIPSecConfigUiPageLoadValidation"
"","460","Upgrade UI page load validation","UI Sanity","2026-05-28","passed","2026-05-28","sanity.administration.AdministrationPagesTest","Test","sanity.administration.AdministrationPagesTest","upgradeUiPageLoadValidation"
"","2031","SSH UI page load validation","UI Sanity","2026-05-28","passed","2026-05-28","sanity.configuration.access.management.ManagementPagesTest","Test","sanity.configuration.access.management.ManagementPagesTest","sshUiPageLoadValidation"
"","447","Blacklist API UI page load validation","UI Sanity","2026-05-28","passed","2026-05-28","sanity.configuration.access.api.AccessApiPagesTest","Test","sanity.configuration.access.api.AccessApiPagesTest","blacklistAPIUiPageLoadValidation"
"","815","Verify Flood Monitor configuration persists after refresh using alternative threshold values","UI Regression","2026-05-28","passed","2026-05-28","ui.configuration.security.monitors.dos.FloodMonitorTest","Test","ui.configuration.security.monitors.dos.FloodMonitorTest","shouldUpdateFloodMonitorUsingAlternativeValues"
"","609","Verify SQL Injection pattern can be configured successfully","UI Regression","2026-05-28","passed","2026-05-28","ui.configuration.security.monitors.SQLInjectionTest","Test","ui.configuration.security.monitors.SQLInjectionTest","shouldConfigureSQLInjectionPattern"
"","645","Fraud Activity UI page load validation","UI Sanity","2026-05-28","passed","2026-05-28","sanity.dashboard.DashboardPagesTest","Test","sanity.dashboard.DashboardPagesTest","fraudActivityUiPageLoadValidation"
"","2342","User UI page load validation","UI Sanity","2026-05-28","passed","2026-05-28","sanity.configuration.groups.GroupPagesTest","Test","sanity.configuration.groups.GroupPagesTest","userUiPageLoadValidation"
"","384","Call Duration UI page load validation","UI Sanity","2026-05-28","passed","2026-05-28","sanity.configuration.security.monitors.spit.SpitPagesTest","Test","sanity.configuration.security.monitors.spit.SpitPagesTest","callDurationUiPageLoadValidation"
"","380","Incomplete Calls UI page load validation","UI Sanity","2026-05-28","passed","2026-05-28","sanity.configuration.security.monitors.MonitorPagesTest","Test","sanity.configuration.security.monitors.MonitorPagesTest","incompleteCallsUiPageLoadValidation"
"","2137","Packet UI page load validation","UI Sanity","2026-05-28","passed","2026-05-28","sanity.configuration.groups.GroupPagesTest","Test","sanity.configuration.groups.GroupPagesTest","packetUiPageLoadValidation"
"","2278","ASR UI page load validation","UI Sanity","2026-05-28","passed","2026-05-28","sanity.configuration.groups.GroupPagesTest","Test","sanity.configuration.groups.GroupPagesTest","asrUiPageLoadValidation"
"","4138","Verify user can add multiple banned countries successfully","UI Regression","2026-05-28","passed","2026-05-28","ui.configuration.security.banned.BannedCountriesTest","Test","ui.configuration.security.banned.BannedCountriesTest","addMultipleCountries"
"","687","Subscriptions UI page load validation","UI Sanity","2026-05-28","passed","2026-05-28","sanity.visibility.activity.ActivityPagesTest","Test","sanity.visibility.activity.ActivityPagesTest","subscriptionsUiPageLoadValidation"
"","828","Verify Error Response configuration persists after page refresh","UI Regression","2026-05-28","passed","2026-05-28","ui.configuration.security.monitors.spit.ErrorResponseAlertTest","Test","ui.configuration.security.monitors.spit.ErrorResponseAlertTest","shouldPersistConfigurationAfterRefresh"
"","535","Fraud Alerts UI page load validation","UI Sanity","2026-05-28","passed","2026-05-28","sanity.dashboard.DashboardPagesTest","Test","sanity.dashboard.DashboardPagesTest","fraudAlertsUiPageLoadValidation"
"","1484","Verify user can edit existing TDoS rule","UI Regression","2026-05-28","passed","2026-05-28","ui.configuration.security.monitors.dos.TDosTest","Test","ui.configuration.security.monitors.dos.TDosTest","shouldEditTDosRule"
"","1152","Verify banned number can be deleted successfully","UI Regression","2026-05-28","passed","2026-05-28","ui.configuration.security.banned.BannedNumbersTest","Test","ui.configuration.security.banned.BannedNumbersTest","deleteNumber"
"","2361","UC Application ACL UI page load validation","UI Sanity","2026-05-28","passed","2026-05-28","sanity.configuration.security.acl.ACLPagesTest","Test","sanity.configuration.security.acl.ACLPagesTest","ucApplicationACLUiPageLoadValidation"
"","15287","Verify safelist numbers CSV file can be exported successfully","UI Regression","2026-05-28","failed","2026-05-28","ui.configuration.security.safelist.SafelistNumbersTest","Test","ui.configuration.security.safelist.SafelistNumbersTest","exportCSVTest"
"","2389","Fraud Numbers UI page load validation","UI Sanity","2026-05-28","passed","2026-05-28","sanity.configuration.security.botnet.BotnetPagesTest","Test","sanity.configuration.security.botnet.BotnetPagesTest","fraudNumbersUiPageLoadValidation"
"","723","Verify Un Subscribe Monitor configuration persists after page refresh using alternative values","UI Regression","2026-05-28","passed","2026-05-28","ui.configuration.security.monitors.dos.UnSubscribeRateTest","Test","ui.configuration.security.monitors.dos.UnSubscribeRateTest","shouldPersistConfigurationAfterRefresh"
